2017/08/17,21.07,25.29,21.07,25.29,8600.00,216861.00
2017/08/18,27.82,27.82,27.82,27.82,3251.00,90442.82
2017/08/21,30.60,30.60,30.60,30.60,9065.00,277389.00
2017/08/22,33.66,33.66,33.66,33.66,7900.00,265914.00
2017/08/23,37.03,37.03,37.03,37.03,18865.00,698570.94
2017/08/24,40.73,40.73,40.73,40.73,108947.00,4437411.50
2017/08/25,44.80,44.80,44.80,44.80,165935.00,7433888.00
2017/08/28,49.28,49.28,49.28,49.28,61476.00,3029537.25
2017/08/29,54.21,54.21,54.21,54.21,140337.00,7607669.00
2017/09/01,59.63,59.63,59.63,59.63,594127.00,35427792.00
2017/09/04,62.66,65.59,60.12,65.59,12367627.00,778473856.00
2017/09/05,59.08,61.50,59.03,59.03,7828336.00,467197792.00
2017/09/06,56.70,58.85,54.18,56.01,5594602.00,315203680.00
2017/09/07,56.00,58.83,55.98,57.19,5108418.00,295066880.00
2017/09/08,55.20,56.48,52.50,53.48,4837310.00,263706224.00
2017/09/11,54.10,56.83,53.00,56.57,4185278.00,231407296.00
2017/09/12,55.72,60.80,55.01,57.75,5401339.00,313475040.00
2017/09/13,56.00,60.50,55.55,59.50,5723140.00,335797856.00
2017/09/14,59.12,59.50,56.20,56.54,4481837.00,258047072.00
2017/09/15,56.11,57.45,54.01,54.53,3521023.00,195949424.00
2017/09/18,53.52,54.02,51.05,51.63,3047494.00,158188688.00
2017/09/19,51.70,52.98,51.32,51.89,1977042.00,102980872.00
2017/09/20,52.00,53.59,51.39,53.32,2519850.00,132256528.00
2017/09/21,53.00,53.80,51.41,51.41,2202673.00,115920512.00
2017/09/22,50.74,52.86,49.50,52.18,2632379.00,135249552.00
2017/09/25,51.99,53.77,51.38,52.35,2134862.00,112705592.00
2017/09/26,52.50,52.68,47.91,48.22,2839616.00,140982160.00
2017/09/27,47.82,48.82,47.09,48.38,1246607.00,60089172.00
2017/09/28,48.60,48.60,47.16,47.29,1345401.00,64524844.00
2017/09/29,47.16,47.85,45.29,45.90,1812937.00,84193192.00
2017/10/09,46.42,47.07,46.13,46.59,1055305.00,49111100.00
2017/10/10,46.50,48.45,46.50,48.40,1751857.00,83457224.00
2017/10/11,48.18,49.50,47.80,48.06,1787255.00,86752336.00
2017/10/12,47.94,48.99,46.40,47.15,1342609.00,63612572.00
2017/10/13,47.25,48.43,47.02,48.03,1265797.00,60777040.00
2017/10/16,47.90,47.90,45.76,46.00,1451852.00,67239352.00
2017/10/17,45.62,46.68,45.62,46.10,852445.00,39357772.00
2017/10/18,46.10,46.86,45.33,45.40,1025434.00,47229352.00
2017/10/19,45.02,46.41,44.52,44.70,909969.00,41047404.00
2017/10/20,44.98,45.34,44.38,45.31,631103.00,28328342.00
2017/10/23,45.32,45.99,45.29,45.86,807976.00,36899080.00
2017/10/24,46.04,46.04,44.45,45.68,860304.00,38883852.00
2017/10/25,45.29,46.62,45.29,46.60,1176748.00,54347184.00
2017/10/26,46.87,48.36,46.60,47.95,2054634.00,97618696.00
2017/10/27,47.96,47.96,46.82,47.55,1214979.00,57550184.00
2017/10/30,47.50,47.92,43.83,43.85,1518081.00,68354320.00
2017/10/31,44.00,44.36,43.50,44.28,755111.00,33210522.00
2017/11/01,44.32,44.94,44.00,44.63,874545.00,38939696.00
2017/11/02,44.60,45.57,43.71,45.55,1362873.00,61091668.00
2017/11/03,45.50,45.77,44.64,45.18,923765.00,41651040.00
2017/11/06,45.31,46.68,45.20,46.50,1367898.00,62963564.00
2017/11/07,46.50,47.78,45.28,47.48,1655991.00,76962152.00
2017/11/08,47.39,49.60,47.02,48.72,3287399.00,160428976.00
2017/11/09,48.20,48.70,47.78,48.33,1372628.00,66174520.00
2017/11/10,48.55,48.95,47.03,47.75,1378765.00,66044796.00
2017/11/13,47.74,48.55,47.18,48.27,1293767.00,61877856.00
2017/11/14,48.19,49.50,47.50,49.50,2658648.00,129583360.00
2017/11/15,49.40,49.40,47.61,47.82,1788678.00,86852896.00
2017/11/16,47.10,47.46,44.01,44.26,2029091.00,92704824.00
2017/11/17,43.33,45.00,40.00,40.19,1345626.00,57296180.00
2017/11/20,41.20,41.20,38.41,40.92,779470.00,31186560.00
2017/11/21,40.20,40.90,38.88,39.65,859202.00,34185660.00
2017/11/22,39.15,40.47,39.00,39.50,528978.00,21017370.00
2017/11/23,39.50,39.50,37.32,37.55,991925.00,38052680.00
2017/11/24,37.19,37.80,36.60,37.15,747277.00,27851974.00
2017/11/27,37.15,37.28,35.61,35.65,655631.00,23816200.00
2017/11/28,35.33,36.30,35.33,36.22,535246.00,19247548.00
2017/11/29,36.28,36.28,34.50,35.40,698078.00,24683490.00
2017/11/30,35.40,36.20,35.20,35.54,583443.00,20888212.00
2017/12/01,35.78,36.16,35.35,36.08,580455.00,20879216.00
2017/12/04,36.12,36.12,32.76,32.82,1284753.00,43644892.00
2017/12/05,32.27,33.25,31.20,31.51,988112.00,31800892.00
2017/12/06,31.50,32.30,31.24,32.30,752234.00,23964592.00
2017/12/07,32.15,33.28,32.06,33.16,942665.00,30909080.00
2017/12/08,33.05,36.48,33.05,36.48,2304115.00,82125328.00
2017/12/11,36.00,37.59,35.91,37.45,2682806.00,98549640.00
2017/12/12,37.08,37.10,35.42,35.48,1616999.00,58537452.00
2017/12/13,35.44,37.80,35.40,37.30,2671386.00,98877888.00
2017/12/14,37.00,37.85,36.57,36.90,1497829.00,55312900.00
2017/12/15,36.57,37.97,36.30,36.83,1615809.00,60025164.00
2017/12/18,36.70,37.75,36.50,37.21,1567864.00,58218148.00
2017/12/19,37.09,37.20,36.42,37.05,1394311.00,51452992.00
2017/12/20,36.97,37.00,35.70,35.80,1128619.00,40825928.00
2017/12/21,35.59,36.50,34.01,35.94,1374429.00,48998216.00
2017/12/22,35.80,36.50,35.60,35.93,870182.00,31368288.00
2017/12/25,35.80,36.46,35.01,35.91,991171.00,35410652.00
2017/12/26,35.91,38.48,35.91,38.27,3014001.00,113814864.00
2017/12/27,37.93,38.04,36.90,37.10,1836512.00,68898944.00
2017/12/28,37.13,37.88,36.73,37.18,1338291.00,49885144.00
2017/12/29,37.57,38.26,36.50,36.91,1143477.00,42899364.00
2018/01/02,36.75,37.56,36.71,37.56,1018195.00,37797468.00
2018/01/03,37.49,37.86,36.50,37.55,1310038.00,48753352.00
2018/01/04,37.37,38.50,37.00,38.20,1904199.00,72138976.00
2018/01/05,38.00,39.50,37.00,39.13,2481728.00,95148064.00
2018/01/08,38.83,42.85,38.50,42.00,4733996.00,194878464.00
2018/01/09,41.80,43.44,41.50,42.10,3305492.00,139922768.00
2018/01/10,41.68,42.60,40.29,41.52,2712091.00,113131272.00
2018/01/11,41.20,42.16,40.60,41.61,1689033.00,70123328.00
2018/01/12,41.24,41.90,40.90,41.40,1347517.00,55750600.00
2018/01/15,41.18,43.60,40.65,42.00,3263880.00,137194368.00
2018/01/16,41.60,42.80,41.02,41.71,2436034.00,102662360.00
2018/01/17,41.10,41.90,40.13,41.50,1431300.00,58898228.00
2018/01/18,41.20,42.15,41.06,41.35,1261577.00,52485584.00
2018/01/19,40.89,41.69,40.11,40.27,1417491.00,57499020.00
2018/01/22,40.00,40.95,38.01,40.14,1640674.00,65676488.00
2018/01/23,40.22,41.35,40.04,40.14,1082217.00,43935360.00
2018/01/24,40.34,40.34,39.31,40.05,1230081.00,48998868.00
2018/01/25,40.40,41.48,40.00,40.22,2099425.00,85561568.00
2018/01/26,39.89,40.80,39.62,40.10,1434834.00,57775816.00
2018/01/29,39.63,40.50,39.05,39.70,1166495.00,46365132.00
2018/01/30,39.97,40.00,39.20,39.20,891481.00,35308196.00
2018/01/31,39.01,40.49,38.18,39.52,2299715.00,90977984.00
2018/02/01,39.40,39.50,36.80,37.37,1461768.00,55891756.00
2018/02/02,37.29,38.50,36.14,38.00,1315440.00,49896412.00
2018/02/05,36.90,38.65,36.90,37.60,837300.00,31768490.00
2018/02/06,36.90,38.50,36.20,36.99,1327700.00,49916760.00
2018/02/07,37.50,38.28,35.53,37.51,1125565.00,41781228.00
2018/02/08,37.10,37.92,36.81,36.97,1009030.00,37561628.00
2018/02/09,36.20,37.70,35.30,37.20,1763369.00,64824848.00
2018/02/12,37.23,38.20,36.80,36.80,1731968.00,64882144.00
2018/02/13,36.60,37.30,36.50,37.00,987500.00,36474356.00
2018/02/14,36.87,37.45,36.51,37.20,1131130.00,42021024.00
2018/02/22,37.30,38.99,37.25,38.56,2073034.00,79881040.00
2018/02/23,38.50,38.80,37.45,37.70,1968601.00,74464456.00
2018/02/26,37.99,38.70,37.40,38.70,3234372.00,122949600.00
2018/02/27,38.60,38.60,37.75,38.27,2020399.00,77044264.00
2018/02/28,37.50,37.50,35.01,36.30,2158388.00,77884088.00
2018/03/01,35.90,37.10,35.65,36.71,2060317.00,75822824.00
2018/03/02,36.70,36.95,36.20,36.74,1636700.00,59824880.00
2018/03/05,36.50,36.88,36.30,36.60,1197817.00,43864508.00
2018/03/06,36.48,36.72,36.00,36.09,1727763.00,62511480.00
2018/03/07,36.25,36.41,35.61,36.01,1477595.00,53330088.00
2018/03/08,35.88,36.36,35.87,36.20,1210782.00,43748804.00
2018/03/09,36.30,37.33,36.08,37.31,1828041.00,67162840.00
2018/03/12,37.45,38.38,37.30,37.72,1802344.00,68162632.00
2018/03/13,37.50,41.00,37.30,39.82,3690329.00,143008560.00
2018/03/14,39.00,39.30,38.40,38.52,2011552.00,77960288.00
2018/03/15,38.00,38.00,35.00,36.08,2319910.00,84710872.00
2018/03/16,36.08,36.39,35.60,35.72,734011.00,26388150.00
2018/03/19,35.72,36.58,35.72,36.17,643891.00,23291840.00
2018/03/20,36.04,36.20,35.03,36.11,823052.00,29223416.00
2018/03/21,36.40,36.70,36.05,36.11,1009772.00,36729924.00
2018/03/22,36.16,36.70,36.01,36.21,784711.00,28523150.00
2018/03/23,34.80,34.85,32.59,32.59,1312100.00,44092736.00
2018/03/26,31.21,32.18,29.60,32.08,905274.00,28335868.00
2018/03/27,32.24,33.32,32.22,32.85,775242.00,25463238.00
2018/03/28,32.50,33.28,32.20,32.59,608574.00,20003690.00
2018/03/29,32.68,33.58,32.68,33.55,751725.00,24966662.00
2018/03/30,33.60,34.60,33.27,33.90,1037289.00,35316564.00
2018/04/02,33.80,34.53,33.08,34.17,960826.00,32562030.00
2018/04/03,33.56,33.56,32.81,33.12,800700.00,26543474.00
2018/04/04,33.22,34.66,33.22,34.03,1190676.00,40724872.00
2018/04/09,33.49,35.58,33.06,35.11,1442255.00,50299816.00
2018/04/10,35.00,35.85,33.52,34.32,1154485.00,39789096.00
2018/04/11,34.38,35.20,34.37,34.88,1065903.00,37092076.00
2018/04/12,34.60,35.89,34.57,35.44,1424778.00,50393028.00
2018/04/13,35.31,35.86,34.88,35.12,1039260.00,36720140.00
2018/04/16,34.63,34.97,33.00,33.86,1048707.00,35594884.00
2018/04/17,33.99,34.47,33.08,33.48,677764.00,22887034.00
2018/04/18,33.55,33.78,30.13,32.78,971965.00,31252732.00
2018/04/19,32.16,33.68,32.16,33.31,733800.00,24430504.00
2018/04/20,33.33,34.38,33.12,33.31,1042316.00,35247052.00
2018/04/23,33.30,34.67,32.51,34.60,735113.00,24900480.00
2018/04/24,34.61,35.58,34.45,35.35,1207547.00,42461272.00
2018/04/25,35.25,36.20,34.78,35.79,2823810.00,100457960.00
2018/04/26,33.97,33.97,32.21,32.21,2220612.00,72619360.00
2018/04/27,31.51,32.42,31.45,31.65,993700.00,31675304.00
2018/05/02,31.70,32.11,29.97,30.20,935594.00,28784938.00
2018/05/03,30.32,31.31,30.06,31.16,796494.00,24534392.00
2018/05/04,30.99,31.38,30.00,30.45,632800.00,19565260.00
2018/05/07,30.85,31.50,30.67,31.37,754500.00,23537862.00
2018/05/08,31.37,31.99,31.37,31.93,889446.00,28224362.00
2018/05/09,32.10,32.47,31.66,32.38,966491.00,31067032.00
2018/05/10,32.56,32.80,32.03,32.54,859612.00,27917112.00
2018/05/11,32.50,32.79,31.30,31.40,924000.00,29583306.00
2018/05/14,31.39,32.32,31.39,31.60,681865.00,21680166.00
2018/05/15,31.63,32.50,31.61,32.40,866412.00,27817778.00
2018/05/16,32.25,32.57,31.78,32.26,667343.00,21423268.00
2018/05/17,32.29,32.50,31.90,32.21,738061.00,23755166.00
2018/05/18,32.11,33.06,32.05,32.88,1241385.00,40650696.00
2018/05/21,32.89,33.39,32.88,33.33,1167221.00,38772088.00
2018/05/22,33.50,33.85,32.88,33.71,1263773.00,42178380.00
2018/05/23,33.69,34.07,33.28,33.32,1200433.00,40438032.00
2018/05/24,33.10,33.62,33.08,33.29,673078.00,22438496.00
2018/05/25,33.32,34.50,33.32,33.83,1513247.00,51474864.00
2018/05/28,33.50,33.83,32.03,32.65,1032517.00,34117776.00
2018/05/29,32.56,35.60,32.56,33.16,2293809.00,77904272.00
2018/05/30,32.00,32.00,30.16,30.68,1804350.00,56235044.00
2018/05/31,31.00,33.75,30.88,32.79,1523480.00,49063620.00
2018/06/01,33.60,35.88,32.61,32.90,2415534.00,82060688.00
2018/06/04,35.06,36.19,35.06,36.19,2367296.00,85434656.00
2018/06/05,37.25,39.81,36.19,38.54,7289124.00,279602400.00
2018/06/06,37.55,38.40,36.30,36.80,5355343.00,198853104.00
2018/06/07,35.57,36.00,34.53,34.72,3803423.00,133792728.00
2018/06/08,34.70,35.80,34.32,35.55,3297700.00,116205560.00
2018/06/11,34.87,35.24,33.81,35.09,1978769.00,68674592.00
2018/06/12,35.00,35.00,33.50,34.29,2005336.00,68648040.00
2018/06/13,34.25,34.73,33.30,33.30,1774053.00,60723680.00
2018/06/14,32.70,33.90,32.51,33.54,1394964.00,46519000.00
2018/06/15,33.79,33.79,31.20,31.42,1691264.00,54367684.00
2018/06/19,30.65,30.89,28.28,28.28,1705196.00,50069988.00
2018/06/20,28.29,29.45,27.66,29.08,1080813.00,31091580.00
2018/06/21,28.92,29.26,27.10,27.74,1233317.00,34593948.00
2018/06/22,27.44,28.36,27.11,28.07,938261.00,26256562.00
2018/06/25,28.30,28.80,28.18,28.50,855130.00,24342216.00
2018/06/26,28.00,31.35,27.33,30.71,1802187.00,53167832.00
2018/06/27,31.66,33.00,31.50,31.50,2878091.00,92605976.00
2018/06/28,30.93,31.65,30.60,31.12,1583374.00,49204984.00
2018/06/29,30.53,32.09,30.53,31.64,1344685.00,42380512.00
2018/07/02,31.69,31.69,29.88,30.51,1330674.00,41000680.00
2018/07/03,30.61,31.33,30.17,31.29,1045802.00,32267628.00
2018/07/04,30.89,30.91,28.87,29.24,1377111.00,40999920.00
2018/07/05,29.33,29.97,28.70,28.71,900933.00,26558516.00
2018/07/06,28.80,29.50,28.41,29.14,1005039.00,29245106.00
2018/07/09,29.20,30.00,29.20,29.82,830765.00,24618210.00
2018/07/10,29.94,30.29,29.33,30.29,975817.00,29177780.00
2018/07/11,29.60,29.60,28.30,29.01,976274.00,28364642.00
2018/07/12,29.00,30.25,28.88,29.94,1272458.00,37949480.00
2018/07/13,29.95,29.98,29.31,29.75,739793.00,21972682.00
2018/07/16,29.54,29.88,29.00,29.48,701321.00,20614646.00
2018/07/17,29.30,32.43,29.03,32.43,2318978.00,72323912.00
2018/07/18,33.48,34.86,31.72,31.80,3326083.00,110009360.00
2018/07/19,31.59,34.98,31.02,33.65,4062075.00,134113936.00
2018/07/20,32.57,33.98,32.56,33.05,2402593.00,80015696.00
2018/07/23,32.91,33.96,32.51,33.68,1616499.00,53950368.00
2018/07/24,33.24,36.98,33.23,35.63,3911552.00,139418112.00
2018/07/25,35.01,37.81,32.70,33.15,4940435.00,174017104.00
2018/07/26,33.31,33.51,32.25,32.80,2360646.00,77737112.00
2018/07/27,32.70,33.20,31.71,31.90,1831635.00,59303820.00
2018/07/30,31.80,32.19,31.31,31.40,952565.00,30127094.00
2018/07/31,31.40,31.75,30.90,31.49,800465.00,25028260.00
2018/08/01,31.47,31.66,30.88,30.92,672800.00,21015674.00
2018/08/02,30.98,30.98,28.38,29.35,995267.00,29060942.00
2018/08/03,28.91,29.35,28.35,28.51,727450.00,21024432.00
2018/08/06,28.55,28.71,27.56,27.69,681687.00,18992680.00
2018/08/07,27.69,29.06,27.13,28.88,921311.00,26089674.00
2018/08/08,28.88,28.88,27.60,27.60,821051.00,23069480.00
2018/08/09,27.59,28.89,27.40,28.23,726947.00,20561838.00
2018/08/10,28.23,30.58,28.10,29.37,1335717.00,39119500.00
2018/08/13,28.65,29.32,27.50,28.98,908758.00,26043774.00
2018/08/14,28.80,29.30,28.55,29.00,612088.00,17712386.00
2018/08/15,28.69,29.16,28.10,28.33,522565.00,14842885.00
2018/08/16,28.01,29.14,28.01,28.40,765017.00,21939676.00
2018/08/17,28.00,28.50,25.56,25.80,3144623.00,82984808.00
2018/08/20,24.32,27.20,23.80,26.63,4154188.00,108011376.00
2018/08/21,25.91,29.29,25.86,29.29,6330876.00,175037216.00
2018/08/22,29.42,29.79,28.90,29.30,6325331.00,185597744.00
2018/08/23,29.40,29.40,28.55,29.02,2369534.00,68501536.00
2018/08/24,29.05,29.87,28.53,29.51,6214241.00,181724112.00
2018/08/27,29.30,29.84,28.56,29.78,6442074.00,188727744.00
2018/08/28,29.78,29.80,28.68,28.92,3139549.00,91529192.00
2018/08/29,28.77,29.85,28.61,29.48,5663850.00,166677296.00
2018/08/30,29.38,29.38,26.53,26.53,4829497.00,132890512.00
2018/08/31,25.78,26.92,24.88,26.10,2573127.00,67107804.00
2018/09/03,26.00,26.90,25.02,26.50,2716717.00,71185776.00
2018/09/04,26.21,29.15,25.98,29.15,5517160.00,153934000.00
2018/09/05,28.99,30.10,28.60,29.05,7506698.00,219937520.00
2018/09/06,29.10,29.42,28.68,28.90,4260161.00,124034232.00
2018/09/07,28.91,29.67,28.51,29.30,5513703.00,160962352.00
2018/09/10,28.90,29.80,28.52,29.21,4471244.00,130328392.00
2018/09/11,28.82,30.43,27.71,29.90,5986881.00,175914528.00
2018/09/12,29.50,29.83,28.90,29.00,3511532.00,103163832.00
2018/09/13,29.18,29.76,28.72,29.39,3098966.00,90710984.00
2018/09/14,29.10,29.39,26.98,26.99,2861983.00,81111480.00
2018/09/17,26.68,29.69,26.51,27.89,2791816.00,79069936.00
2018/09/18,28.01,28.20,27.09,27.95,2432832.00,67492544.00
2018/09/19,27.95,28.24,27.40,27.42,1877588.00,52071208.00
2018/09/20,27.59,27.82,26.08,26.29,2273372.00,60753104.00
2018/09/21,26.66,26.78,26.12,26.55,1566484.00,41494100.00
2018/09/25,26.57,26.59,26.13,26.38,1086271.00,28598556.00
2018/09/26,26.29,29.02,25.70,29.02,6805791.00,191090800.00
2018/09/27,28.56,30.41,28.56,29.15,8401585.00,246206032.00
2018/09/28,29.34,30.18,28.72,29.97,6759691.00,199046736.00
2018/10/08,29.40,29.63,28.75,29.00,4023360.00,117547128.00
2018/10/09,29.38,30.00,28.84,29.74,4662337.00,137480560.00
2018/10/10,29.40,30.39,28.97,29.20,3635127.00,107304696.00
2018/10/11,27.67,28.80,26.70,27.83,2962632.00,82972624.00
2018/10/12,27.32,29.61,27.32,29.10,3673394.00,105735840.00
2018/10/15,29.00,29.65,28.60,29.13,3500391.00,101838080.00
2018/10/16,29.00,29.12,26.22,26.40,4122401.00,111972368.00
2018/10/17,26.76,27.01,24.77,26.89,2916265.00,76916928.00
2018/10/18,26.77,27.04,25.58,26.97,2249498.00,59485664.00
2018/10/19,26.90,27.84,26.02,27.38,2857601.00,78250944.00
2018/10/22,26.99,28.80,26.99,28.40,3731475.00,104744640.00
2018/10/23,28.05,28.37,27.10,27.10,2563026.00,71103592.00
2018/10/24,26.66,27.77,26.29,26.54,2303177.00,62120416.00
2018/10/25,25.38,26.29,25.05,26.10,1892028.00,48913640.00
2018/10/26,26.46,26.67,25.63,25.90,1524577.00,39665652.00
2018/10/29,26.01,26.36,25.64,26.26,1372242.00,35738408.00
2018/10/30,26.05,26.80,25.80,26.62,1637882.00,43194240.00
2018/10/31,26.68,26.99,26.50,26.55,1730854.00,46257456.00
2018/11/01,26.56,27.17,26.51,26.53,2310533.00,62008824.00
2018/11/02,26.66,27.25,26.54,27.14,2399740.00,64555668.00
2018/11/05,27.40,27.40,26.63,26.92,2029371.00,54836352.00
2018/11/06,26.70,26.85,25.71,26.40,2249038.00,58762972.00
2018/11/07,26.39,26.60,26.09,26.35,1262901.00,33235146.00
2018/11/08,26.48,27.35,26.31,26.88,2483669.00,66853120.00
2018/11/09,26.56,26.80,26.10,26.47,1230148.00,32497984.00
2018/11/12,26.21,27.20,26.20,27.01,2065869.00,55532656.00
2018/11/13,26.86,27.65,26.81,27.21,2984392.00,81364568.00
2018/11/14,27.22,27.40,26.89,27.05,2030977.00,55024480.00
2018/11/15,27.40,28.90,27.23,28.26,4181590.00,116904480.00
2018/11/16,28.26,29.00,28.11,28.17,3349143.00,95203584.00
2018/11/19,28.14,28.36,27.38,28.10,2314279.00,64407724.00
2018/11/20,27.86,28.99,27.61,28.19,2945134.00,83424496.00
2018/11/21,28.00,28.71,27.80,28.36,1985870.00,56058496.00
2018/11/22,28.36,28.79,28.27,28.72,2424288.00,69141288.00
2018/11/23,28.76,28.76,26.59,26.60,2627533.00,71903992.00
2018/11/26,26.20,27.60,25.96,26.90,2075352.00,55206056.00
2018/11/27,26.90,27.60,26.65,27.33,1604150.00,43540128.00
2018/11/28,27.33,27.63,26.70,27.50,1710681.00,46715200.00
2018/11/29,27.48,27.77,26.80,27.02,1814753.00,49640212.00
2018/11/30,27.09,27.55,26.52,27.07,1229322.00,33234122.00
2018/12/03,27.64,28.30,27.35,28.01,2915442.00,81425312.00
2018/12/04,27.95,28.13,27.71,28.06,1424275.00,39816864.00
2018/12/05,27.70,27.70,27.01,27.09,1633419.00,44655360.00
2018/12/06,26.86,27.29,26.58,26.60,1022506.00,27490634.00
2018/12/07,26.60,27.07,26.55,26.95,1043762.00,28027522.00
2018/12/10,26.74,26.88,26.20,26.40,806195.00,21345710.00
2018/12/11,26.66,26.96,26.36,26.83,913926.00,24419716.00
2018/12/12,26.98,27.29,26.72,27.22,1183112.00,31954414.00
2018/12/13,27.21,29.94,27.21,29.94,7975988.00,231217824.00
2018/12/14,29.40,29.45,28.10,28.22,5836463.00,167394016.00
2018/12/17,28.14,28.92,27.66,28.20,4093830.00,115770688.00
2018/12/18,27.87,28.06,27.31,27.95,2639400.00,73181136.00
2018/12/19,27.83,28.40,27.62,27.90,2530381.00,70909448.00
2018/12/20,27.69,28.38,27.64,28.30,2712522.00,76326704.00
2018/12/21,28.14,28.29,26.75,27.05,2457635.00,67698208.00
2018/12/24,27.00,27.54,26.80,27.44,1494656.00,40788088.00
2018/12/25,27.18,27.99,26.40,27.90,2345269.00,63534604.00
2018/12/26,27.58,27.98,27.46,27.70,1903600.00,52749016.00
2018/12/27,27.98,28.19,27.59,27.59,2316041.00,64592084.00
2018/12/28,27.69,27.90,26.70,26.74,1718751.00,46626300.00
2019/01/02,26.80,27.08,26.52,26.80,884516.00,23716694.00
2019/01/03,26.81,27.12,26.30,26.49,1168151.00,31123236.00
2019/01/04,26.15,27.35,25.67,27.17,1590143.00,42640368.00
2019/01/07,27.20,27.42,27.06,27.31,1236012.00,33706452.00
2019/01/08,27.25,27.37,26.85,26.95,834200.00,22569608.00
2019/01/09,27.30,27.50,26.88,26.91,1346352.00,36663360.00
2019/01/10,26.92,27.08,26.36,26.47,1275028.00,33972296.00
2019/01/11,26.64,27.08,26.48,27.01,1262078.00,33835484.00
2019/01/14,27.09,27.29,26.50,27.20,1226578.00,33063886.00
2019/01/15,26.99,27.49,26.91,27.44,1404863.00,38354452.00
2019/01/16,27.34,27.50,27.18,27.23,1070025.00,29202756.00
2019/01/17,27.24,28.67,27.12,27.69,3188963.00,88927408.00
2019/01/18,27.48,27.90,27.28,27.64,1308043.00,36019784.00
2019/01/21,27.69,28.13,27.50,27.96,1376406.00,38264512.00
2019/01/22,27.83,28.09,27.40,27.60,1398713.00,38899620.00
2019/01/23,27.48,27.77,27.42,27.70,713634.00,19704246.00
2019/01/24,27.71,28.06,27.57,27.95,893930.00,24894254.00
2019/01/25,27.91,28.09,27.38,27.40,1071217.00,29778544.00
2019/01/28,27.47,27.84,27.38,27.76,719493.00,19860208.00
2019/01/29,27.76,27.94,25.00,27.29,1399042.00,37918228.00
2019/01/30,27.04,27.34,26.31,27.03,1554326.00,41732504.00
2019/01/31,26.75,27.00,26.00,26.90,1114271.00,29502842.00
2019/02/01,26.82,27.75,26.52,27.35,803234.00,21839212.00
2019/02/11,27.60,27.88,27.12,27.79,863298.00,23834804.00
2019/02/12,27.79,28.28,27.63,28.08,1261913.00,35416532.00
2019/02/13,28.00,28.58,27.85,28.36,1350479.00,38193296.00
2019/02/14,28.37,28.37,28.07,28.10,1132529.00,31918060.00
2019/02/15,28.12,30.91,27.82,29.10,3754517.00,110310936.00
2019/02/18,29.04,31.97,28.94,30.56,3568429.00,107435800.00
2019/02/19,30.35,30.80,29.20,29.81,2634497.00,79204128.00
2019/02/20,29.91,31.70,29.55,30.85,2645116.00,80578424.00
2019/02/21,30.62,31.31,30.13,30.50,2369558.00,72527272.00
2019/02/22,30.29,32.50,29.70,31.73,2320556.00,71479928.00
2019/02/25,32.31,34.90,31.45,34.90,4226601.00,143097792.00
2019/02/26,37.28,38.39,35.00,38.39,4288269.00,159913536.00
2019/02/27,40.20,42.23,37.62,39.42,5478068.00,220471904.00
2019/02/28,39.42,39.75,37.35,38.78,3328314.00,128099600.00
2019/03/01,38.30,38.87,37.32,37.86,2398897.00,90640720.00
2019/03/04,37.86,41.00,37.11,38.88,4305328.00,164351088.00
2019/03/05,37.82,40.00,37.52,38.98,2159539.00,83552760.00
2019/03/06,38.98,39.33,38.06,38.71,1718102.00,66283248.00
2019/03/07,38.88,39.40,38.48,38.78,2384338.00,92415920.00
2019/03/08,37.92,40.60,37.20,39.90,3949611.00,153718080.00
2019/03/11,39.52,43.70,38.81,42.30,4527852.00,186019984.00
2019/03/12,44.17,46.49,41.30,44.50,5286588.00,231280336.00
2019/03/13,43.69,46.07,42.92,43.78,2906733.00,127808760.00
2019/03/14,43.26,44.80,41.30,44.59,2013526.00,86995536.00
2019/03/15,45.44,46.60,44.00,44.99,2095613.00,94279264.00
2019/03/18,45.24,45.46,43.60,44.48,1563420.00,69420752.00
2019/03/19,44.70,48.93,44.00,48.93,4284475.00,203357600.00
2019/03/20,50.00,50.35,46.46,48.50,4872836.00,232641712.00
2019/03/21,47.98,49.50,47.00,48.25,2091156.00,101221088.00
2019/03/22,48.99,51.00,48.10,48.98,3945730.00,192027776.00
2019/03/25,49.08,53.88,47.00,53.50,4974017.00,252866976.00
2019/03/26,52.00,53.50,50.75,52.00,2968602.00,153895920.00
2019/03/27,53.95,53.95,49.65,51.55,2046741.00,103523504.00
2019/03/28,50.00,52.66,49.80,52.35,1897835.00,96913296.00
2019/03/29,51.18,54.50,51.18,54.23,2364710.00,126896408.00
2019/04/01,54.23,57.00,53.97,56.90,3677630.00,201442368.00
2019/04/02,56.30,57.99,53.00,54.88,3142440.00,173107872.00
2019/04/03,54.66,55.99,53.01,55.88,3129754.00,169766928.00
2019/04/04,56.00,56.97,54.00,54.50,3377517.00,186220080.00
2019/04/08,53.03,55.20,51.00,54.70,3140613.00,166460608.00
2019/04/09,53.50,54.09,53.05,53.08,1612996.00,85976744.00
2019/04/10,51.90,52.10,48.82,50.01,3131574.00,159772304.00
2019/04/11,50.01,52.23,49.98,51.24,2532929.00,129122520.00
2019/04/12,52.00,54.00,48.00,52.00,2463401.00,126880944.00
2019/04/15,52.85,52.85,50.92,52.34,1594830.00,82443696.00
2019/04/16,51.51,54.00,51.41,53.97,1909222.00,101480080.00
2019/04/17,54.80,59.37,51.71,53.00,7248966.00,395123328.00
2019/04/18,49.00,52.51,47.70,48.50,5107755.00,252457104.00
2019/04/19,48.90,48.99,44.80,48.60,4035860.00,187245072.00
2019/04/22,47.30,49.98,47.00,49.00,2402556.00,115992760.00
2019/04/23,48.69,50.77,48.50,49.98,1850545.00,91456720.00
2019/04/24,49.98,51.50,49.42,51.50,1749817.00,88706200.00
2019/04/25,52.20,53.00,46.80,49.65,4789699.00,241525936.00
2019/04/26,47.11,49.75,44.69,45.60,6586301.00,299037728.00
2019/04/29,45.00,45.00,41.04,43.00,3540613.00,149955456.00
2019/04/30,43.00,43.99,41.98,43.00,1330806.00,56905776.00
2019/05/06,42.90,42.90,38.70,39.96,2572571.00,101538024.00
2019/05/07,39.79,40.95,38.90,40.68,1476100.00,59082768.00
2019/05/08,39.72,40.93,38.49,40.88,871717.00,35126568.00
2019/05/09,40.88,41.08,40.11,40.89,792500.00,32227782.00
2019/05/10,40.60,43.88,40.40,42.53,1706100.00,71895696.00
2019/05/13,42.18,44.00,42.00,42.80,926100.00,39831784.00
2019/05/14,42.51,43.79,42.02,42.41,586000.00,24987200.00
2019/05/15,42.94,43.32,42.44,43.25,1225100.00,52695440.00
2019/05/16,44.00,44.30,42.87,43.70,1996100.00,86633024.00
2019/05/17,43.91,44.00,41.56,43.00,1527124.00,65523448.00
2019/05/20,39.56,42.45,39.56,42.00,641722.00,26663278.00
2019/05/21,42.14,42.90,41.00,42.80,761700.00,32238806.00
2019/05/22,42.41,42.80,41.72,42.00,421400.00,17833322.00
2019/05/23,42.00,42.00,39.80,40.75,755200.00,30723522.00
2019/05/24,40.08,42.30,40.08,42.20,1060920.00,44045140.00
2019/05/27,42.30,44.20,42.01,43.97,1054834.00,45803784.00
2019/05/28,45.16,45.16,43.50,43.65,1044000.00,46021352.00
2019/05/29,43.55,44.48,43.05,44.05,955685.00,41821996.00
2019/05/30,44.05,44.05,43.00,43.00,629400.00,27243682.00
2019/05/31,43.00,44.99,42.71,44.10,1653985.00,73004424.00
2019/06/03,43.60,45.42,43.52,45.30,1430641.00,63330252.00
2019/06/04,46.30,46.60,44.81,45.70,2371700.00,108470008.00
2019/06/05,45.02,46.00,44.81,45.50,991600.00,45040248.00
2019/06/06,45.09,45.64,44.81,44.82,541100.00,24364052.00
2019/06/10,44.88,47.18,44.88,46.60,2021300.00,93958424.00
2019/06/11,26.63,27.82,26.01,27.70,2657273.00,72773368.00
2019/06/12,27.35,28.65,27.21,28.49,2714748.00,76244192.00
2019/06/13,28.77,28.99,28.00,28.02,2294132.00,64752436.00
2019/06/14,27.88,28.65,27.86,27.86,1414920.00,39894976.00
2019/06/17,27.86,28.21,27.45,27.76,1091772.00,30287462.00
2019/06/18,27.93,28.92,27.70,28.51,1932939.00,54702688.00
2019/06/19,28.80,29.34,28.35,28.51,1962840.00,56099272.00
2019/06/20,28.51,29.20,28.32,29.05,2475990.00,71518368.00
2019/06/21,28.92,29.57,28.92,28.99,1923570.00,56041876.00
2019/06/24,29.08,29.30,28.82,29.10,2089688.00,60606768.00
2019/06/25,29.58,30.24,28.35,30.17,4381007.00,129241360.00
2019/06/26,29.90,29.93,29.34,29.40,2241162.00,66452624.00
2019/06/27,29.40,30.86,26.46,30.40,3607525.00,108241176.00
2019/06/28,30.00,30.48,29.90,30.20,1820788.00,54805164.00
2019/07/01,30.60,30.85,30.01,30.42,3321450.00,100786744.00
2019/07/02,30.20,31.07,30.10,30.82,2744886.00,84095984.00
2019/07/03,30.55,30.79,29.92,30.10,1938693.00,58590320.00
2019/07/04,30.02,31.08,29.91,30.50,3149120.00,96140504.00
2019/07/05,30.30,30.83,30.01,30.65,2513960.00,76599208.00
2019/07/08,30.55,30.63,29.94,30.00,1223160.00,36903436.00
2019/07/09,30.15,30.43,29.27,30.33,1369476.00,40931456.00
2019/07/10,30.33,30.38,29.65,30.03,1145964.00,34466928.00
2019/07/11,30.33,30.34,29.36,29.38,1688200.00,50186176.00
2019/07/12,29.38,31.95,29.38,31.88,6349009.00,195585712.00
2019/07/15,31.56,34.55,31.30,33.78,7878486.00,258029120.00
2019/07/16,33.61,34.55,33.31,34.30,6084484.00,206308608.00
2019/07/17,34.45,35.58,33.88,33.88,6411481.00,221219456.00
2019/07/18,34.29,35.58,33.87,35.17,6406795.00,223366416.00
2019/07/19,35.18,37.99,35.18,36.99,6159495.00,225995120.00
2019/07/22,36.98,38.08,34.46,36.80,4161960.00,151378272.00
2019/07/23,36.73,38.08,34.46,36.66,5031804.00,178818288.00
2019/07/24,36.08,37.00,35.59,36.82,4475553.00,162192640.00
2019/07/25,36.80,38.48,36.79,37.82,6650125.00,250213360.00
2019/07/26,37.83,40.09,37.83,40.00,5384880.00,212439792.00
2019/07/29,39.95,40.58,39.19,39.95,4305362.00,170546736.00
2019/07/30,39.92,40.49,39.33,40.00,3364768.00,133849672.00
2019/07/31,39.91,41.59,39.90,40.10,3128572.00,126562360.00
2019/08/01,40.05,40.11,38.75,38.99,3695922.00,144858864.00
2019/08/02,37.93,38.80,36.60,37.50,4694130.00,175403600.00
2019/08/05,37.50,37.50,34.00,36.90,9380712.00,331803200.00
2019/08/06,35.89,36.07,33.21,35.15,6983311.00,240155184.00
2019/08/07,34.95,36.00,34.84,35.63,3281612.00,116137600.00
2019/08/08,35.62,37.23,35.62,37.00,3167402.00,116068560.00
2019/08/09,37.42,38.05,36.41,36.95,3764631.00,140226224.00
2019/08/12,37.09,39.48,37.09,39.00,4527280.00,175121888.00
2019/08/13,39.05,41.00,38.82,39.65,4424089.00,175604000.00
2019/08/14,40.19,40.50,39.97,40.35,2622130.00,105365232.00
2019/08/15,39.89,43.66,39.20,43.66,4525612.00,186288256.00
2019/08/16,47.00,47.62,43.45,47.49,4653401.00,213740448.00
2019/08/19,48.58,50.00,46.28,47.23,3750512.00,178879968.00
2019/08/20,47.01,47.44,43.70,44.19,3457276.00,155625968.00
2019/08/21,44.90,46.01,43.85,44.06,6700466.00,302785696.00
2019/08/22,43.70,44.05,42.51,43.51,2955503.00,128293640.00
2019/08/23,43.58,44.45,43.29,44.25,3262314.00,143452512.00
2019/08/26,43.21,43.49,41.98,43.01,1589160.00,68024976.00
2019/08/27,43.46,43.86,42.93,43.09,1849790.00,80137864.00
2019/08/28,43.32,44.97,42.91,44.83,5118825.00,225494272.00
2019/08/29,44.82,49.30,44.80,48.60,6209502.00,295012288.00
2019/08/30,48.19,52.40,47.47,48.00,5425173.00,263523824.00
2019/09/02,48.20,50.00,48.20,50.00,5071046.00,250166768.00
2019/09/03,50.00,50.99,46.20,48.00,6162403.00,295032704.00
2019/09/04,47.49,47.49,46.00,46.45,2425218.00,112545168.00
2019/09/05,46.80,47.08,45.89,46.01,2742410.00,127220000.00
2019/09/06,46.14,48.20,46.08,48.00,2665191.00,125653488.00
2019/09/09,48.50,51.50,48.50,51.48,4400910.00,221449408.00
2019/09/10,51.48,52.82,50.14,52.00,2798920.00,143879056.00
2019/09/11,51.50,51.61,49.38,49.46,1820481.00,91493928.00
2019/09/12,48.65,49.90,48.65,49.83,1397663.00,68853592.00
2019/09/16,49.90,50.31,48.95,49.11,1349060.00,66963596.00
2019/09/17,49.09,54.02,48.00,54.02,5229073.00,272383264.00
2019/09/18,54.71,56.97,50.40,51.80,7749787.00,403591008.00
2019/09/19,51.30,51.50,49.05,50.50,2789505.00,140238384.00
2019/09/20,50.36,52.49,50.00,51.66,4731152.00,242662448.00
2019/09/23,51.54,54.78,48.00,51.51,5522379.00,284505856.00
2019/09/24,50.00,51.40,49.09,49.13,3087590.00,154132016.00
2019/09/25,48.65,48.99,47.65,48.34,2673450.00,128667120.00
2019/09/26,48.35,49.48,43.51,47.50,3144250.00,148260704.00
2019/09/27,47.49,50.49,46.98,49.99,3111992.00,152884624.00
2019/09/30,50.00,51.33,49.60,50.49,3135592.00,158903424.00
2019/10/08,50.23,51.00,49.80,50.11,2149940.00,108382304.00
2019/10/09,50.11,50.38,49.31,49.97,1261230.00,62774032.00
2019/10/10,50.20,50.83,49.41,50.31,2657043.00,133216560.00
2019/10/11,50.31,50.59,49.48,49.90,1615868.00,80472416.00
2019/10/14,50.00,51.96,49.50,51.05,2822310.00,143570288.00
2019/10/15,51.05,51.60,50.75,51.30,2132170.00,109203856.00
2019/10/16,51.60,52.72,51.00,52.38,2652694.00,138283824.00
2019/10/17,52.38,53.85,51.73,53.18,3097341.00,163841888.00
2019/10/18,53.16,53.18,51.00,51.00,1707150.00,89146128.00
2019/10/21,51.02,51.69,49.30,49.70,1487585.00,74501288.00
2019/10/22,49.68,50.50,48.71,50.20,1780686.00,88238912.00
2019/10/23,50.00,50.60,48.71,50.11,1984081.00,98727920.00
2019/10/24,50.00,51.09,49.50,50.49,1856705.00,93942904.00
2019/10/25,45.44,45.44,45.44,45.44,450800.00,20484352.00
2019/10/28,40.90,40.90,40.90,40.90,253800.00,10380420.00
2019/10/29,36.81,36.81,36.81,36.81,231600.00,8525196.00
2019/10/30,33.13,33.13,33.13,33.13,904600.00,29969398.00
2019/10/31,29.82,29.82,29.82,29.82,1693600.00,50503152.00
2019/11/01,26.84,32.80,26.84,30.90,22058592.00,619755456.00
2019/11/04,28.23,29.58,28.01,29.58,17541640.00,504812160.00
2019/11/05,29.91,30.68,28.58,28.60,11921203.00,351488928.00
2019/11/06,28.12,29.17,27.25,28.65,10502284.00,298754336.00
2019/11/07,28.41,28.65,27.52,27.58,8512063.00,237179104.00
2019/11/08,27.85,27.90,27.12,27.15,5776880.00,158870352.00
2019/11/11,26.94,26.96,25.30,25.89,7762476.00,201228368.00
2019/11/12,25.85,26.28,24.89,25.28,8007446.00,202627232.00
2019/11/13,25.28,25.34,24.27,24.35,6904331.00,170277152.00
2019/11/14,24.53,26.79,24.35,26.79,10664433.00,277185344.00
2019/11/15,27.40,27.66,25.41,25.48,12455177.00,327958368.00
2019/11/18,25.00,27.26,24.80,26.45,9505173.00,249856224.00
2019/11/19,26.11,29.10,26.11,29.10,12822341.00,356439904.00
2019/11/20,29.52,29.52,27.80,28.20,13535525.00,386267584.00
2019/11/21,27.81,28.64,27.61,28.61,8552555.00,241755936.00
2019/11/22,28.60,28.98,27.70,27.76,7329028.00,207017232.00
2019/11/25,27.60,27.60,26.11,26.66,5870909.00,156176672.00
2019/11/26,26.59,26.88,26.12,26.25,3729160.00,98413080.00
2019/11/27,26.15,27.00,25.50,26.90,5561383.00,146611712.00
2019/11/28,26.86,27.17,25.88,26.00,5028429.00,132703768.00
2019/11/29,25.77,26.48,25.52,25.99,3956205.00,102740600.00
2019/12/02,26.16,26.16,25.73,25.79,2935710.00,75986880.00
2019/12/03,25.58,26.80,25.20,26.72,5855641.00,153304784.00
2019/12/04,26.60,27.20,26.17,26.78,5906053.00,157945024.00
2019/12/05,26.81,27.88,26.55,27.33,7095998.00,192639552.00
2019/12/06,27.32,27.37,26.80,27.00,4504800.00,121888816.00
2019/12/09,26.89,27.10,26.62,26.75,3617214.00,97023800.00
2019/12/10,26.62,27.28,26.35,27.06,4770923.00,128747792.00
2019/12/11,27.06,27.16,26.60,26.64,3682584.00,98709376.00
2019/12/12,26.41,26.55,25.92,25.96,4199093.00,109855440.00
2019/12/13,26.05,26.39,25.88,26.14,2985102.00,77907528.00
2019/12/16,26.28,26.80,26.03,26.68,3911095.00,103472424.00
2019/12/17,26.84,28.50,26.66,27.66,8723828.00,240538448.00
2019/12/18,27.74,30.43,27.72,29.97,14588203.00,428805216.00
2019/12/19,29.25,29.84,28.88,29.26,8906310.00,261162416.00
2019/12/20,29.20,31.85,29.07,30.39,11569397.00,354283648.00
2019/12/23,30.36,31.39,29.41,30.80,9770815.00,297212736.00
2019/12/24,30.81,33.49,30.36,32.18,11431584.00,367126080.00
2019/12/25,32.15,32.15,30.82,31.57,8352238.00,261766992.00
2019/12/26,31.03,32.19,29.95,30.59,8224466.00,255103088.00
2019/12/27,30.60,30.60,29.55,29.63,6574178.00,197728176.00
2019/12/30,29.07,29.88,28.30,29.65,5130953.00,149661200.00
2019/12/31,29.52,30.10,29.19,29.33,3387166.00,100320880.00
2020/01/02,29.67,30.25,29.47,30.15,4630580.00,138221952.00
2020/01/03,30.22,30.27,29.54,29.59,4338731.00,129299232.00
2020/01/06,29.26,30.10,28.75,29.93,4812506.00,142042112.00
2020/01/07,29.98,30.10,29.70,30.01,3864592.00,115562072.00
2020/01/08,30.05,30.85,29.70,29.74,6586611.00,199356112.00
2020/01/09,30.05,30.35,29.70,29.95,3903007.00,116954072.00
2020/01/10,30.00,30.20,29.57,29.64,3180811.00,94685672.00
2020/01/13,29.62,29.63,28.88,29.37,3722139.00,108586960.00
2020/01/14,29.50,31.10,29.30,30.88,8729957.00,266496720.00
2020/01/15,30.70,31.65,30.40,31.00,6082229.00,188098080.00
2020/01/16,30.78,30.98,30.01,30.04,4189406.00,127675976.00
2020/01/17,29.91,30.00,29.38,29.40,3641814.00,107971888.00
2020/01/20,29.57,29.59,28.96,29.57,2688080.00,78582968.00
2020/01/21,29.51,29.90,29.28,29.34,2097250.00,61978360.00
2020/01/22,29.00,29.13,28.35,28.70,3033207.00,86985976.00
2020/01/23,28.50,28.73,26.05,26.57,3890565.00,106571456.00
2020/02/03,23.91,23.91,23.91,23.91,292100.00,6984111.00
2020/02/04,21.52,22.83,21.52,22.39,5693930.00,126670832.00
2020/02/05,22.39,24.14,22.39,23.15,4388070.00,102169192.00
2020/02/06,24.00,24.00,23.05,23.80,3740360.00,88309264.00
2020/02/07,23.52,24.13,23.29,23.83,3319120.00,78473016.00
2020/02/10,24.25,24.62,23.80,24.59,3927091.00,95548408.00
2020/02/11,24.69,24.90,24.30,24.62,3476580.00,85590240.00
2020/02/12,24.75,25.30,24.51,25.00,3032430.00,75624312.00
2020/02/13,25.00,25.28,24.20,24.55,3205653.00,79372112.00
2020/02/14,24.00,25.03,23.00,24.51,2793330.00,69008792.00
2020/02/17,24.73,25.56,24.53,25.48,3741274.00,94424712.00
2020/02/18,25.74,26.10,25.33,25.99,3624489.00,93427304.00
2020/02/19,25.86,26.35,25.80,25.89,3372249.00,87801160.00
2020/02/20,25.89,26.48,25.89,26.38,3849901.00,101135568.00
2020/02/21,26.41,26.77,26.05,26.22,3985427.00,105004416.00
2020/02/24,26.28,26.75,25.61,26.71,4286111.00,113142440.00
2020/02/25,25.99,26.45,24.78,26.25,5431946.00,140619920.00
2020/02/26,26.00,27.12,25.02,27.00,6380039.00,169776016.00
2020/02/27,27.09,27.36,26.14,26.27,4900909.00,130127264.00
2020/02/28,25.18,25.75,23.72,23.80,4953634.00,121717312.00
2020/03/02,23.81,26.18,23.81,25.96,5711520.00,145486480.00
2020/03/03,26.22,27.05,26.22,26.69,5262069.00,140358592.00
2020/03/04,26.56,26.94,25.90,26.49,3512059.00,92696400.00
2020/03/05,27.10,27.10,26.18,26.53,4191337.00,111190512.00
2020/03/06,26.22,26.50,25.90,26.30,3019879.00,79152624.00
2020/03/09,25.91,26.04,24.77,24.83,3791957.00,95983928.00
2020/03/10,24.50,25.27,23.96,25.20,3272515.00,80569624.00
2020/03/11,25.49,26.30,25.06,25.26,4397760.00,113292472.00
2020/03/12,24.58,24.96,24.12,24.25,3167540.00,77400720.00
2020/03/13,22.90,24.00,22.69,23.48,3657958.00,84885680.00
2020/03/16,23.86,23.95,22.06,22.20,3358338.00,77476928.00
2020/03/17,22.20,22.79,21.60,22.53,2851861.00,63373412.00
2020/03/18,22.71,23.13,21.98,22.00,2554400.00,57846404.00
2020/03/19,21.99,22.40,21.72,22.36,2203530.00,48546124.00
2020/03/20,22.52,23.09,22.48,23.09,2636690.00,60259352.00
2020/03/23,22.50,23.55,22.07,22.91,3066550.00,70144968.00
2020/03/24,23.45,23.45,22.30,22.90,2734590.00,62502920.00
2020/03/25,23.51,23.51,22.91,23.13,2688800.00,62168720.00
2020/03/26,22.98,23.08,22.60,22.65,2189500.00,49955912.00
2020/03/27,22.95,23.01,22.43,22.45,1520956.00,34473552.00
2020/03/30,22.29,22.29,21.33,21.62,2032029.00,43983216.00
2020/03/31,21.87,21.96,21.23,21.31,1722141.00,37010168.00
2020/04/01,21.31,21.52,21.04,21.21,1368530.00,29193812.00
2020/04/02,21.00,22.24,20.80,21.91,2957836.00,63892996.00
2020/04/03,21.89,21.99,21.55,21.65,1687856.00,36723060.00
2020/04/07,21.98,22.21,21.80,22.20,2081220.00,45945276.00
2020/04/08,22.04,22.44,22.00,22.42,1981750.00,44110612.00
2020/04/09,22.42,22.78,22.38,22.43,1587590.00,35733972.00
2020/04/10,22.60,22.81,22.10,22.25,2595701.00,58257496.00
2020/04/13,22.20,22.39,21.38,21.43,1545850.00,33427616.00
2020/04/14,21.49,21.79,21.18,21.79,1472490.00,31862182.00
2020/04/15,22.00,22.79,21.74,22.34,3186760.00,71143592.00
2020/04/16,21.90,22.07,21.64,21.87,1794455.00,39287460.00
2020/04/17,21.91,22.34,21.91,22.12,2033690.00,45105400.00
2020/04/20,22.16,22.59,21.88,22.46,1781811.00,39710376.00
2020/04/21,22.26,22.30,21.74,22.07,1510656.00,33314608.00
2020/04/22,21.91,22.06,21.81,21.96,1143230.00,25064188.00
2020/04/23,22.00,22.09,21.52,21.54,1843000.00,40057396.00
2020/04/24,21.55,22.71,21.55,22.19,3311830.00,73569360.00
2020/04/27,22.18,24.41,22.01,24.41,6499777.00,153289408.00
2020/04/28,24.38,24.38,22.90,23.45,5621395.00,131796712.00
2020/04/29,23.47,24.19,23.26,24.09,4610540.00,109647488.00
2020/04/30,24.00,25.41,23.67,24.76,6964806.00,170761296.00
2020/05/06,24.43,25.25,24.22,24.90,4689064.00,115976032.00
2020/05/07,24.75,25.07,24.10,24.13,3806550.00,93088952.00
2020/05/08,24.17,24.40,23.90,24.04,2620879.00,63222960.00
2020/05/11,23.61,24.04,23.42,23.72,3125737.00,73974136.00
2020/05/12,23.73,23.96,23.50,23.94,2009128.00,47786700.00
2020/05/13,23.86,23.86,23.51,23.73,1654026.00,39211212.00
2020/05/14,23.59,23.72,23.28,23.42,1731407.00,40575536.00
2020/05/15,23.50,24.69,23.44,24.51,4697934.00,114160664.00
2020/05/18,24.46,24.47,23.91,23.98,2607806.00,62981200.00
2020/05/19,24.05,25.01,24.05,24.98,4686357.00,115720040.00
2020/05/20,25.11,25.41,24.64,24.75,5267610.00,131895360.00
2020/05/21,24.88,25.45,24.61,24.62,3546600.00,88624152.00
2020/05/22,24.53,24.64,23.30,23.62,3146120.00,74976128.00
2020/05/25,23.51,23.59,22.16,22.28,2792810.00,63306108.00
2020/05/26,22.35,22.78,22.35,22.66,1374838.00,31030526.00
2020/05/27,22.66,22.89,22.41,22.48,1503152.00,34021464.00
2020/05/28,22.50,22.68,21.90,22.34,1490978.00,33184094.00
2020/05/29,22.30,22.62,22.18,22.44,945198.00,21230724.00
2020/06/01,22.60,22.97,22.60,22.95,1585488.00,36232648.00
2020/06/02,22.90,23.23,22.86,23.08,1560200.00,35924812.00
2020/06/03,23.12,23.29,22.78,22.81,1620900.00,37366008.00
2020/06/04,22.85,22.98,22.72,22.95,1177450.00,26883972.00
2020/06/05,22.90,22.90,22.48,22.65,1149230.00,26042066.00
2020/06/08,22.65,22.89,22.53,22.62,978727.00,22237706.00
2020/06/09,22.71,23.30,22.45,23.02,1897030.00,43466592.00
2020/06/10,22.81,23.20,22.80,22.89,1293157.00,29747770.00
2020/06/11,23.00,23.33,22.78,22.88,1591470.00,36643900.00
2020/06/12,22.45,23.03,22.25,22.95,1138429.00,25869332.00
2020/06/15,22.86,23.20,22.86,22.95,1020170.00,23486476.00
2020/06/16,22.99,23.29,22.99,23.28,1620110.00,37554604.00
2020/06/17,23.17,23.70,23.13,23.47,1576900.00,36910780.00
2020/06/18,23.47,23.47,23.17,23.31,1051000.00,24479198.00
2020/06/19,22.99,22.99,22.51,22.72,1502610.00,34075856.00
2020/06/22,22.61,22.79,22.56,22.60,1431887.00,32406142.00
2020/06/23,22.61,22.80,22.44,22.44,1076350.00,24234730.00
2020/06/24,22.56,22.69,22.16,22.25,1336690.00,29789058.00
2020/06/29,22.25,22.46,22.02,22.23,802620.00,17848710.00
2020/06/30,22.38,22.56,22.26,22.53,1160822.00,26002962.00
2020/07/01,22.54,22.82,22.40,22.67,1531059.00,34639424.00
2020/07/02,22.67,22.97,22.50,22.86,1901427.00,43400252.00
2020/07/03,22.98,23.06,22.76,22.89,1649390.00,37744112.00
2020/07/06,23.01,24.00,23.01,23.86,3200958.00,75547272.00
2020/07/07,24.05,24.26,23.64,23.88,3744044.00,89780792.00
2020/07/08,23.80,24.15,23.65,24.15,2909040.00,69679272.00
2020/07/09,24.10,24.94,24.10,24.69,4054149.00,99588080.00
2020/07/10,24.50,25.96,24.49,25.24,5164199.00,130814456.00
2020/07/13,25.22,27.70,25.04,27.19,6070269.00,160285088.00
2020/07/14,27.40,27.43,25.58,26.29,5393909.00,141979520.00
2020/07/15,26.19,26.39,25.00,25.01,4045140.00,102959608.00
2020/07/16,25.08,25.28,23.73,23.88,3016080.00,73890104.00
2020/07/17,23.95,24.42,23.70,24.20,1776499.00,42819504.00
2020/07/20,24.40,24.66,23.90,24.66,1809851.00,44202964.00
2020/07/21,24.66,24.86,24.26,24.33,1588212.00,38853496.00
2020/07/22,24.34,24.55,24.09,24.18,1525260.00,37097612.00
2020/07/23,24.15,24.15,23.16,23.84,2289776.00,54193732.00
2020/07/24,23.72,24.41,23.49,23.54,2017340.00,48342512.00
2020/07/27,23.42,23.64,23.02,23.04,1321340.00,30706420.00
2020/07/28,23.16,23.45,23.15,23.45,934820.00,21775702.00
2020/07/29,23.50,23.98,23.27,23.86,1267404.00,30015720.00
2020/07/30,23.86,23.94,23.57,23.65,905100.00,21458922.00
2020/07/31,23.58,24.23,23.52,24.04,1402291.00,33643484.00
2020/08/03,24.44,24.44,24.03,24.31,1694879.00,41061212.00
2020/08/04,24.35,24.50,23.81,23.97,1727020.00,41453476.00
2020/08/05,23.90,24.00,23.48,23.81,1396690.00,33136990.00
2020/08/06,23.80,23.90,23.30,23.43,1729640.00,40652148.00
2020/08/07,23.51,23.51,22.83,23.05,1622091.00,37445320.00
2020/08/10,23.06,23.53,22.91,23.38,1006240.00,23491040.00
2020/08/11,23.46,23.82,23.30,23.35,1473510.00,34671264.00
2020/08/12,23.10,23.33,22.44,22.59,1861321.00,42135956.00
2020/08/13,22.58,22.95,22.51,22.63,908312.00,20650906.00
2020/08/14,22.51,22.87,22.51,22.83,980150.00,22260568.00
2020/08/17,23.15,23.94,22.70,23.68,2182111.00,51320860.00
2020/08/18,23.81,23.93,23.53,23.64,1415020.00,33485422.00
2020/08/19,23.69,23.72,23.00,23.23,1262939.00,29511510.00
2020/08/20,23.10,23.50,22.76,23.27,1082624.00,25137416.00
2020/08/21,23.40,23.59,23.08,23.28,1109762.00,25852678.00
2020/08/24,23.28,23.80,22.97,23.80,2044942.00,48203576.00
2020/08/25,23.75,23.94,23.61,23.70,1489627.00,35377040.00
2020/08/26,23.75,24.24,23.59,23.96,2347081.00,56124784.00
2020/08/27,23.86,24.74,23.67,24.73,3624738.00,88172704.00
2020/08/28,24.74,25.25,24.30,24.57,3338290.00,82580840.00
2020/08/31,24.53,24.61,24.21,24.30,2210142.00,53819788.00
2020/09/01,24.38,25.00,24.30,24.47,1485760.00,36494948.00
2020/09/02,24.54,24.54,24.02,24.26,1843058.00,44592780.00
2020/09/03,24.36,24.36,23.56,23.70,1759750.00,42008724.00
2020/09/04,23.43,23.87,23.18,23.85,1166391.00,27446620.00
2020/09/07,23.88,24.35,23.64,23.77,1547591.00,37278188.00
2020/09/08,23.63,24.11,23.40,23.80,1211918.00,28739594.00
2020/09/09,23.99,24.74,23.99,24.58,4711910.00,115036800.00
2020/09/10,24.78,24.79,23.50,23.84,2930814.00,70399960.00
2020/09/11,23.31,23.70,23.31,23.66,1345220.00,31602080.00
2020/09/14,23.65,23.88,23.51,23.71,1139100.00,27000910.00
2020/09/15,23.72,23.79,23.35,23.41,1036370.00,24293452.00
2020/09/16,23.48,23.48,22.88,23.01,1258810.00,29111528.00
2020/09/17,22.92,23.36,22.89,23.30,894020.00,20667106.00
2020/09/18,23.30,23.56,23.00,23.45,945010.00,21978690.00
2020/09/21,23.56,23.56,23.25,23.38,560350.00,13100668.00
2020/09/22,23.30,23.68,23.03,23.49,989259.00,23209924.00
2020/09/23,23.55,24.04,23.38,24.01,1715980.00,40934332.00
2020/09/24,23.80,23.94,23.13,23.18,1264200.00,29731856.00
2020/09/25,23.28,23.40,23.00,23.10,760300.00,17577266.00
2020/09/28,22.99,23.38,22.46,22.46,1033708.00,23507370.00
2020/09/29,22.56,22.66,22.31,22.52,586316.00,13196277.00
2020/09/30,22.58,22.58,22.10,22.22,639800.00,14255734.00
2020/10/09,22.36,22.87,22.36,22.77,696938.00,15803482.00
2020/10/12,22.79,23.17,22.79,23.17,787660.00,18134538.00
2020/10/13,23.07,23.15,22.94,23.03,543550.00,12501604.00
2020/10/14,23.18,23.68,22.88,23.39,1444604.00,33735788.00
2020/10/15,23.39,23.59,23.01,23.40,817410.00,19044066.00
2020/10/16,22.99,22.99,22.43,22.79,1028750.00,23385520.00
2020/10/19,22.93,23.39,22.72,23.07,879100.00,20323820.00
2020/10/20,23.29,23.29,22.89,23.14,563099.00,13013114.00
2020/10/21,23.30,23.38,22.72,22.80,666000.00,15261632.00
2020/10/22,22.64,22.85,22.35,22.76,489710.00,11099024.00
2020/10/23,22.89,23.17,22.51,22.61,582900.00,13274854.00
2020/10/26,22.36,22.81,22.32,22.39,552880.00,12430987.00
2020/10/27,22.39,22.60,22.30,22.44,407970.00,9142596.00
2020/10/28,22.39,22.46,21.94,22.20,709110.00,15705839.00
2020/10/29,22.11,22.38,21.90,22.30,605635.00,13460064.00
2020/10/30,22.46,22.46,21.50,21.50,1022240.00,22381874.00
2020/11/02,22.00,22.17,21.50,22.05,811879.00,17752948.00
2020/11/03,22.05,22.35,22.05,22.24,549494.00,12208402.00
2020/11/04,22.25,22.39,22.00,22.13,461141.00,10227640.00
2020/11/05,22.22,22.44,22.19,22.31,723473.00,16151508.00
2020/11/06,22.30,22.49,22.16,22.34,642619.00,14310875.00
2020/11/09,22.34,22.65,22.23,22.51,1101970.00,24804402.00
2020/11/10,22.68,22.68,22.26,22.34,548800.00,12319594.00
2020/11/11,22.36,22.40,22.02,22.12,411400.00,9099868.00
2020/11/12,22.39,22.39,22.08,22.21,353860.00,7843028.50
2020/11/13,22.14,22.19,21.93,22.10,377206.00,8319585.00
2020/11/16,22.10,22.29,22.10,22.17,314970.00,6989172.50
2020/11/17,22.18,22.43,22.08,22.40,574911.00,12795657.00
2020/11/18,22.35,22.51,22.26,22.28,523454.00,11712115.00
2020/11/19,22.20,22.47,22.12,22.44,511700.00,11430268.00
2020/11/20,22.45,22.48,22.30,22.39,410370.00,9185964.00
2020/11/23,22.44,22.64,22.26,22.61,685004.00,15389732.00
2020/11/24,22.61,22.66,22.35,22.46,490810.00,11060226.00
2020/11/25,22.46,22.51,22.26,22.26,571300.00,12769824.00
2020/11/26,22.24,22.46,22.15,22.26,410900.00,9170347.00
2020/11/27,22.21,22.56,22.21,22.48,458130.00,10276530.00
2020/11/30,22.48,22.85,22.44,22.59,784359.00,17759474.00
2020/12/01,22.60,22.74,22.46,22.67,681259.00,15421972.00
2020/12/02,22.64,22.95,22.64,22.85,829030.00,18914600.00
2020/12/03,22.73,22.86,22.45,22.61,635954.00,14387204.00
2020/12/04,22.61,22.61,22.40,22.42,495046.00,11118982.00
2020/12/07,22.59,22.59,22.33,22.42,344070.00,7709322.50
2020/12/08,22.43,22.46,22.30,22.35,291400.00,6522207.00
2020/12/09,22.35,22.40,21.95,21.95,648600.00,14338825.00
2020/12/10,22.00,22.00,21.68,21.90,391170.00,8551028.00
2020/12/11,21.90,21.98,21.46,21.74,707397.00,15280165.00
2020/12/14,21.75,22.58,21.57,22.40,1116733.00,24817934.00
2020/12/15,22.54,22.58,22.12,22.16,352464.00,7847481.00
2020/12/16,22.00,22.33,21.75,22.33,596410.00,13092829.00
2020/12/17,22.13,22.30,21.79,22.26,411400.00,9082717.00
2020/12/18,22.20,22.33,21.74,21.86,420200.00,9250937.00
2020/12/21,21.80,21.98,21.60,21.85,305720.00,6682883.50
2020/12/22,21.95,21.95,21.32,21.40,640226.00,13815110.00
2020/12/23,21.46,21.60,21.29,21.39,530240.00,11342700.00
2020/12/24,21.39,21.55,21.03,21.15,568400.00,12088607.00
2020/12/25,21.20,21.37,21.02,21.22,279860.00,5937540.50
2020/12/28,21.22,21.35,20.68,21.07,671710.00,13996767.00
2020/12/29,21.03,23.00,20.82,21.82,1020916.00,21845470.00
2020/12/30,21.99,23.00,21.66,22.80,2239923.00,50545648.00
2020/12/31,22.99,23.04,22.48,22.89,1404713.00,32045628.00
2021/01/04,23.01,23.02,22.60,22.93,1036198.00,23701964.00
2021/01/05,22.93,22.98,22.35,22.36,847300.00,19139122.00
2021/01/06,22.35,22.55,21.70,21.76,793870.00,17439986.00
2021/01/07,21.90,23.20,21.72,22.96,3403209.00,77490008.00
2021/01/08,23.20,23.20,22.65,23.02,2136980.00,48886924.00
2021/01/11,23.09,24.49,23.00,24.19,5599350.00,133923816.00
2021/01/12,24.08,24.53,23.62,24.16,6636528.00,161056400.00
2021/01/13,24.00,24.00,21.74,21.74,5547800.00,122276144.00
2021/01/14,21.50,21.50,20.00,20.78,2837038.00,58763120.00
2021/01/15,20.59,21.20,20.30,20.73,1178060.00,24459764.00
2021/01/18,20.74,21.08,20.53,20.83,926324.00,19255390.00
2021/01/19,20.70,20.92,20.54,20.54,922050.00,19079104.00
2021/01/20,20.56,20.80,20.42,20.64,789970.00,16276580.00
2021/01/21,20.50,20.68,20.41,20.57,792290.00,16267031.00
2021/01/22,20.54,20.54,20.08,20.12,872280.00,17635222.00
2021/01/25,20.14,20.47,20.05,20.40,687640.00,13928391.00
2021/01/26,20.37,20.42,20.17,20.37,396150.00,8026482.00
2021/01/27,20.43,20.77,20.41,20.65,701920.00,14458423.00
2021/01/28,20.60,20.61,20.25,20.25,398870.00,8131228.00
2021/01/29,20.27,20.49,19.80,19.91,736600.00,14759050.00
2021/02/01,19.75,20.08,19.07,19.23,973348.00,18887102.00
2021/02/02,19.47,19.47,18.78,18.89,863360.00,16353944.00
2021/02/03,18.89,19.11,18.15,18.17,787080.00,14555995.00
2021/02/04,18.17,18.27,17.03,17.15,1205550.00,20992680.00
2021/02/05,17.15,17.78,17.12,17.25,690250.00,12023502.00
2021/02/08,17.25,18.98,17.25,18.98,1492729.00,27479528.00
2021/02/09,18.96,20.68,18.43,20.18,2377259.00,47132096.00
2021/02/10,20.18,20.50,19.81,20.35,1311880.00,26430206.00
2021/02/18,20.59,20.60,20.02,20.07,735819.00,14844907.00
2021/02/19,19.81,20.47,19.81,20.31,695639.00,14025340.00
2021/02/22,20.39,21.65,20.32,21.10,1592583.00,33457090.00
2021/02/23,21.13,21.56,20.76,20.83,745740.00,15686360.00
2021/02/24,20.84,21.52,20.84,21.15,1056680.00,22455292.00
2021/02/25,21.15,21.32,20.85,20.98,609600.00,12845097.00
2021/02/26,20.76,21.09,20.63,20.94,462150.00,9654032.00
2021/03/01,20.94,21.35,20.40,20.81,657660.00,13658728.00
2021/03/02,20.99,21.00,20.61,20.64,348449.00,7233014.00
2021/03/03,20.80,20.80,20.27,20.49,572340.00,11703471.00
2021/03/04,20.75,20.75,20.10,20.32,499189.00,10157275.00
2021/03/05,20.40,20.55,20.20,20.49,349400.00,7127654.00
2021/03/08,20.70,21.70,20.56,20.56,1120600.00,23508218.00
2021/03/09,20.56,20.57,19.54,19.84,657200.00,13155995.00
2021/03/10,20.28,20.28,19.73,19.77,363800.00,7252158.50
2021/03/11,19.66,20.08,19.66,19.99,358970.00,7162973.00
2021/03/12,20.18,20.48,20.05,20.26,455140.00,9240637.00
2021/03/15,20.53,20.53,19.91,20.11,426200.00,8612076.00
2021/03/16,20.00,20.40,19.97,20.28,311236.00,6306409.50
2021/03/17,20.21,21.32,20.00,21.07,1174940.00,24522256.00
2021/03/18,21.08,21.32,20.81,21.04,486830.00,10242942.00
2021/03/19,21.04,21.20,20.87,21.14,604880.00,12754585.00
2021/03/22,21.15,21.50,21.01,21.13,404060.00,8559275.00
2021/03/23,21.03,21.18,20.81,20.95,406940.00,8523033.00
2021/03/24,20.75,21.56,20.75,21.19,719350.00,15243484.00
2021/03/25,21.19,21.29,20.78,21.20,511440.00,10802136.00
2021/03/26,21.20,21.35,21.03,21.26,537550.00,11411120.00
2021/03/29,21.16,21.31,20.77,20.78,505020.00,10612870.00
2021/03/30,20.94,21.97,20.66,21.55,1377200.00,29565308.00
2021/03/31,21.31,22.00,21.31,21.90,1028200.00,22392226.00
2021/04/01,21.96,21.98,21.37,21.59,646720.00,13923206.00
2021/04/02,21.70,21.70,21.03,21.16,542290.00,11500433.00
2021/04/06,21.16,21.16,20.84,21.02,368580.00,7734537.00
2021/04/07,21.01,21.16,20.83,21.10,382200.00,8017058.00
2021/04/08,21.10,21.24,20.72,20.73,534330.00,11164925.00
2021/04/09,20.84,20.99,20.69,20.92,328970.00,6863580.50
2021/04/12,20.93,20.99,20.65,20.74,343000.00,7112379.00
2021/04/13,20.60,20.74,20.49,20.51,256550.00,5275944.50
2021/04/14,20.76,20.77,20.39,20.72,311850.00,6413156.50
2021/04/15,20.71,20.91,20.53,20.80,283770.00,5874622.50
2021/04/16,20.70,21.02,20.66,21.00,358500.00,7503859.50
