2015/04/23,15.86,17.47,15.86,17.47,25300.00,441820.00
2015/04/24,19.22,19.22,19.22,19.22,6300.00,121086.00
2015/04/27,21.14,21.14,21.14,21.14,10900.00,230426.00
2015/04/28,23.25,23.25,23.25,23.25,16400.00,381300.00
2015/04/29,25.58,25.58,25.58,25.58,23000.00,588340.00
2015/04/30,28.14,28.14,28.14,28.14,26800.00,754152.00
2015/05/04,30.95,30.95,30.95,30.95,58800.00,1819860.00
2015/05/05,34.05,34.05,34.05,34.05,240200.00,8178810.00
2015/05/06,35.00,37.46,33.56,37.46,7087242.00,257582672.00
2015/05/07,33.71,35.40,33.71,33.71,10700398.00,364557056.00
2015/05/08,32.80,37.08,32.20,37.08,15986997.00,560547840.00
2015/05/11,40.79,40.79,40.79,40.79,1135221.00,46305664.00
2015/05/12,44.30,44.87,42.00,44.87,14058724.00,620471232.00
2015/05/13,44.00,49.36,42.87,49.36,10868436.00,508487072.00
2015/05/14,51.50,54.30,51.00,54.30,6503188.00,350217600.00
2015/05/15,56.00,59.73,55.88,59.73,5925498.00,348848352.00
2015/05/18,65.60,65.70,65.00,65.70,1053393.00,69106016.00
2015/05/19,72.27,72.27,63.14,72.27,12706724.00,873553984.00
2015/05/20,69.00,79.50,67.90,79.18,10452299.00,801236864.00
2015/05/21,78.80,87.10,76.20,87.10,9444168.00,793014976.00
2015/05/22,92.99,95.81,92.03,95.81,10318207.00,973467520.00
2015/05/25,99.93,105.39,93.00,105.39,7655202.00,784480512.00
2015/05/26,114.00,115.93,114.00,115.93,996933.00,114897488.00
2015/05/27,127.52,127.52,122.30,127.52,2010133.00,255711824.00
2015/05/28,140.27,140.27,114.77,114.77,1617100.00,202951728.00
2015/05/29,103.29,125.00,103.29,104.00,16546084.00,1776366336.00
2015/06/01,100.00,100.00,93.60,93.60,8616965.00,814823616.00
2015/06/02,86.99,90.00,84.24,84.24,11461748.00,986930816.00
2015/06/03,84.30,87.79,82.64,87.35,9298632.00,800974784.00
2015/06/04,85.88,85.88,78.62,78.73,8731065.00,704922112.00
2015/06/05,81.20,81.60,76.01,78.71,8706299.00,691034560.00
2015/06/08,77.98,78.38,72.01,74.30,8099603.00,606390400.00
2015/06/09,74.10,77.56,74.10,75.40,5667158.00,429708256.00
2015/06/10,74.00,81.60,73.05,79.40,8783349.00,691848256.00
2015/06/11,79.00,83.60,77.72,82.01,9185554.00,741285440.00
2015/06/12,81.30,83.00,75.66,75.85,8276848.00,648953856.00
2015/06/15,74.80,74.80,68.27,68.27,6597871.00,463809536.00
2015/06/16,65.49,69.66,64.20,68.30,5816528.00,390564960.00
2015/06/17,68.25,70.46,67.79,70.40,4696801.00,325851744.00
2015/06/18,69.92,69.92,63.36,63.36,4841045.00,319074976.00
2015/06/19,61.36,64.00,58.35,59.00,3732129.00,228256160.00
2015/06/23,60.01,63.39,58.00,62.91,4008113.00,243721744.00
2015/06/24,63.20,64.00,60.00,61.38,4495009.00,277610784.00
2015/06/25,61.40,62.00,57.00,57.00,3508771.00,209411552.00
2015/06/26,55.00,57.88,51.30,51.30,4313567.00,234521296.00
2015/06/29,51.98,52.93,46.20,46.91,4818412.00,239417168.00
2015/06/30,46.99,50.45,42.30,49.90,5181825.00,242662544.00
2015/07/01,48.89,51.50,46.30,46.45,5286470.00,261952144.00
2015/07/02,45.90,46.88,41.81,41.81,3843940.00,169793360.00
2015/07/03,40.00,43.72,37.63,40.00,4587429.00,183142656.00
2015/07/06,44.00,44.00,36.75,39.60,5264803.00,215620272.00
2015/07/07,37.48,38.83,35.64,35.64,1630400.00,59571848.00
2015/07/08,32.08,32.57,32.08,32.08,4493719.00,144525104.00
2015/07/09,31.00,35.29,30.50,35.29,3877817.00,132746384.00
2015/07/10,38.00,38.82,36.97,38.82,1903050.00,72986688.00
2015/07/13,42.00,42.70,40.00,42.70,4350860.00,184607696.00
2015/07/14,46.00,46.97,43.61,46.97,9807331.00,452191296.00
2015/07/15,45.80,45.80,42.27,42.27,4018524.00,173763984.00
2015/07/16,38.09,44.55,38.04,41.70,5997948.00,244002368.00
2015/07/17,41.95,45.22,41.01,44.63,4744529.00,205083408.00
2015/07/20,44.90,46.04,42.85,43.71,5286002.00,234445440.00
2015/07/21,42.69,48.08,41.50,48.08,7706804.00,355715328.00
2015/07/22,49.11,50.50,46.38,48.48,8368930.00,406066368.00
2015/07/23,48.80,53.33,47.81,53.33,6650816.00,337766624.00
2015/07/24,54.39,57.39,52.00,53.28,9155221.00,505586816.00
2015/07/27,51.00,54.58,47.95,47.95,5600758.00,286506304.00
2015/07/28,43.67,48.09,43.16,43.16,6001948.00,265714416.00
2015/07/29,44.50,47.48,39.60,47.48,6450423.00,278744128.00
2015/07/30,46.08,49.86,44.10,45.08,6658855.00,316139264.00
2015/07/31,43.50,47.00,42.50,44.28,4799414.00,213698576.00
2015/08/03,43.50,43.99,39.85,40.19,4354742.00,180335808.00
2015/08/04,40.50,43.95,40.04,43.90,4587962.00,193539168.00
2015/08/05,43.31,46.25,42.90,45.15,6262149.00,282084576.00
2015/08/06,43.60,44.89,42.80,43.00,3526712.00,153678768.00
2015/08/07,45.00,47.30,44.40,47.30,5956850.00,277944800.00
2015/08/10,47.42,52.03,47.42,52.03,6112566.00,306187776.00
2015/08/11,54.20,57.23,51.96,52.65,14028343.00,782148736.00
2015/08/12,52.00,56.43,51.12,53.49,7709976.00,418677600.00
2015/08/13,51.90,55.00,51.00,55.00,5615585.00,295812288.00
2015/08/14,55.20,55.85,52.00,53.50,4778763.00,259562832.00
2015/08/17,52.48,52.48,48.15,49.02,5803395.00,289172160.00
2015/08/18,48.68,51.38,44.12,44.12,4679685.00,222628432.00
2015/08/19,42.78,48.15,41.30,48.12,4906206.00,218957648.00
2015/08/20,47.00,48.00,45.00,45.01,2930414.00,136188032.00
2015/08/21,45.10,46.45,42.72,44.01,3114658.00,139841040.00
2015/08/24,41.86,42.00,39.61,39.61,1962552.00,78700208.00
2015/08/25,35.65,38.37,35.65,35.65,2890928.00,105068328.00
2015/08/26,36.00,38.50,34.32,35.92,4630896.00,169725312.00
2015/08/27,36.80,38.00,34.10,37.88,3533806.00,129555504.00
2015/08/28,38.64,41.35,37.28,40.40,4873035.00,187740128.00
2015/08/31,39.60,39.65,36.36,36.36,2924152.00,111556128.00
2015/09/01,35.48,35.48,32.72,32.72,2621055.00,87481584.00
2015/09/02,30.80,33.97,29.50,30.52,2901896.00,91246528.00
2015/09/07,31.05,33.00,30.70,31.30,2485084.00,79473032.00
2015/09/08,31.09,34.29,30.73,34.28,3027224.00,98667936.00
2015/09/09,34.50,36.80,34.30,36.13,4229165.00,150934896.00
2015/09/10,34.80,36.10,34.40,34.51,3064436.00,107987568.00
2015/09/11,34.69,35.91,34.50,35.62,2329043.00,82046448.00
2015/09/14,35.90,35.91,32.06,32.06,2743836.00,92030928.00
2015/09/15,31.00,31.40,28.85,28.85,2390049.00,71276304.00
2015/09/16,29.40,31.74,29.30,31.74,2735914.00,83126664.00
2015/09/17,32.00,33.31,31.00,31.50,3814214.00,123131872.00
2015/09/18,32.24,33.75,32.00,33.53,3536368.00,116191904.00
2015/09/21,33.00,36.88,32.61,36.88,3646944.00,128477816.00
2015/09/22,39.29,40.35,37.81,38.42,6416406.00,250517200.00
2015/09/23,37.27,42.26,37.01,42.26,4846943.00,195303632.00
2015/09/24,23.08,23.08,21.01,21.10,21138234.00,471006048.00
2015/09/25,20.57,20.79,18.99,18.99,14370776.00,282883840.00
2015/09/28,18.50,19.91,17.62,19.60,11420999.00,216336864.00
2015/09/29,18.95,19.35,18.01,18.35,7702889.00,144195840.00
2015/09/30,18.58,19.20,18.40,18.51,5464110.00,102558856.00
2015/10/08,19.20,20.18,18.70,19.63,8227846.00,160326624.00
2015/10/09,19.60,19.94,19.21,19.51,7547244.00,147531488.00
2015/10/12,19.68,21.46,19.68,21.43,11948848.00,245986544.00
2015/10/13,21.00,21.66,20.60,21.48,9611665.00,204582448.00
2015/10/14,21.20,22.50,21.09,21.90,12036825.00,263848720.00
2015/10/15,21.73,23.90,21.18,23.58,12145257.00,278417888.00
2015/10/16,24.10,24.18,22.60,23.27,12601116.00,293761504.00
2015/10/19,22.90,23.45,22.04,22.58,10045733.00,229009648.00
2015/10/20,22.39,23.59,22.13,23.33,9249149.00,213554672.00
2015/10/21,23.33,23.33,21.00,21.00,11450568.00,251727056.00
2015/10/22,20.52,21.79,20.52,21.60,9058402.00,192038224.00
2015/10/23,21.68,22.96,21.51,22.64,9401372.00,209893664.00
2015/10/26,23.50,24.40,22.90,23.35,12115965.00,285606208.00
2015/10/27,22.96,23.65,21.50,23.38,9489882.00,214884672.00
2015/10/28,22.81,24.38,22.81,23.74,11695699.00,278251872.00
2015/10/29,23.70,24.03,23.00,23.37,7870358.00,184697312.00
2015/10/30,23.45,23.45,22.38,22.89,6105512.00,140268192.00
2015/11/02,21.66,24.70,21.55,23.02,9412643.00,219089584.00
2015/11/03,22.99,25.32,22.99,25.32,19699328.00,484610048.00
2015/11/04,25.95,26.99,24.52,26.46,22162800.00,567299392.00
2015/11/05,25.92,29.11,25.75,29.11,22377020.00,614604544.00
2015/11/06,29.70,32.02,29.11,32.02,20873376.00,646006784.00
2015/11/09,32.21,34.50,30.00,33.00,22755406.00,742190336.00
2015/11/10,32.00,33.00,31.41,31.69,16758981.00,536629088.00
2015/11/11,31.23,34.86,30.99,34.86,19337516.00,640335872.00
2015/11/12,35.92,38.35,35.00,38.33,19775540.00,724004480.00
2015/11/13,37.00,38.22,34.50,34.50,19858560.00,709238272.00
2015/11/16,32.20,34.50,32.03,33.71,11575345.00,386242176.00
2015/11/17,34.00,36.30,34.00,34.20,14478910.00,508929312.00
2015/11/18,33.90,35.64,31.20,31.70,13190423.00,444948576.00
2015/11/19,31.38,34.25,31.34,33.98,12316084.00,400328192.00
2015/11/20,33.95,33.96,32.52,33.21,11024353.00,367435712.00
2015/11/23,33.08,34.30,32.20,32.33,9475666.00,313992576.00
2015/11/24,32.01,35.56,31.64,35.56,15481068.00,524960480.00
2015/11/25,35.86,36.30,34.50,35.15,15031413.00,530945184.00
2015/11/26,34.73,37.17,34.49,34.90,13441211.00,481169248.00
2015/11/27,34.40,35.65,31.50,32.14,12534089.00,422105184.00
2015/11/30,31.76,33.68,29.36,33.09,12387835.00,395187616.00
2015/12/01,32.80,33.99,31.20,31.72,10151745.00,332020160.00
2015/12/02,31.08,31.70,28.90,30.06,7277169.00,220090672.00
2015/12/03,30.10,31.85,30.10,31.53,6792920.00,211703856.00
2015/12/04,31.42,32.45,31.00,31.69,7529313.00,239192528.00
2015/12/07,31.50,34.70,31.50,33.89,12814098.00,428463840.00
2015/12/08,33.01,33.49,32.01,32.13,8668059.00,282104832.00
2015/12/09,31.78,32.60,30.71,31.08,6690812.00,211721776.00
2015/12/10,30.65,31.39,29.90,30.85,6922202.00,212224816.00
2015/12/11,30.80,30.80,29.53,29.57,5174487.00,155212848.00
2015/12/14,28.97,30.66,28.70,30.47,4284567.00,127003632.00
2015/12/15,30.50,32.55,30.20,31.25,6522299.00,206307856.00
2015/12/16,31.70,32.27,31.16,31.28,5392195.00,170454064.00
2015/12/17,31.50,32.85,31.45,32.50,8639869.00,279203232.00
2015/12/18,32.50,32.98,31.50,31.69,6918562.00,222469936.00
2015/12/21,31.26,31.69,30.55,31.27,4690626.00,146011904.00
2015/12/22,31.50,31.98,31.30,31.61,4130263.00,130446472.00
2015/12/23,31.81,31.81,30.68,30.78,5119879.00,159362880.00
2015/12/24,30.48,30.78,29.66,30.65,4195568.00,126854760.00
2015/12/25,30.59,31.70,30.55,30.85,4380349.00,136469936.00
2015/12/28,30.94,31.80,30.56,31.08,6712916.00,210527632.00
2015/12/29,31.19,33.80,30.46,33.25,12042883.00,389358624.00
2015/12/30,33.32,34.85,32.70,34.85,14812678.00,502603264.00
2015/12/31,34.85,35.24,32.70,32.78,9445381.00,319740192.00
2016/01/04,32.20,32.67,29.50,29.50,5972178.00,182185264.00
2016/01/05,26.58,28.60,26.55,26.87,8491290.00,232622128.00
2016/01/06,26.90,28.38,26.87,27.89,6609157.00,182455520.00
2016/01/07,27.13,27.13,25.10,25.10,1420952.00,36810940.00
2016/01/08,25.58,26.50,23.01,24.72,6081630.00,151752400.00
2016/01/11,23.80,24.20,22.25,22.25,4843823.00,111280224.00
2016/01/12,22.08,23.20,20.25,22.21,4975297.00,109789560.00
2016/01/13,22.21,22.97,20.38,20.47,4194670.00,92289808.00
2016/01/14,19.35,21.99,19.35,21.50,5239862.00,108928384.00
2016/01/15,21.25,21.70,19.88,20.10,4694443.00,98162280.00
2016/01/18,19.90,21.45,19.70,21.03,4192760.00,87146320.00
2016/01/19,20.99,22.45,20.80,22.24,5376985.00,116163928.00
2016/01/20,22.30,23.31,22.00,22.51,6810648.00,154494272.00
2016/01/21,21.86,22.85,20.40,20.50,5212622.00,114575736.00
2016/01/22,20.56,21.78,20.30,21.39,4586227.00,96523104.00
2016/01/25,21.60,22.17,21.21,21.70,3368408.00,73366960.00
2016/01/26,21.11,21.35,19.53,19.53,5041532.00,102461008.00
2016/01/27,19.67,20.00,17.86,19.70,4773290.00,91476856.00
2016/01/28,19.30,19.58,17.87,18.10,3538624.00,66508724.00
2016/01/29,18.14,19.27,17.65,19.00,3518912.00,66052060.00
2016/02/01,18.65,19.19,17.80,18.41,3138555.00,58500056.00
2016/02/02,18.60,19.43,18.60,19.21,3121145.00,59752652.00
2016/02/03,18.95,19.89,18.60,19.64,3267587.00,62594948.00
2016/02/04,19.80,20.50,19.64,20.20,4034653.00,81255784.00
2016/02/05,20.23,20.80,19.68,19.73,3125419.00,62945188.00
2016/02/15,18.54,19.66,18.51,19.38,2756070.00,52697620.00
2016/02/16,19.86,20.83,19.48,20.70,4335269.00,88485584.00
2016/02/17,20.73,21.55,20.50,21.55,6147308.00,128956680.00
2016/02/18,21.62,21.63,20.92,21.07,4995914.00,106070632.00
2016/02/19,20.94,21.50,20.75,21.26,4032657.00,85803928.00
2016/02/22,21.60,22.05,21.22,21.91,4734270.00,102583832.00
2016/02/23,21.92,22.16,21.01,21.41,4461935.00,96423096.00
2016/02/24,21.31,22.34,21.10,22.30,5376357.00,116488008.00
2016/02/25,22.20,22.20,20.07,20.07,6186232.00,129301480.00
2016/02/26,20.20,20.47,18.07,19.30,4706006.00,92565920.00
2016/02/29,18.50,19.21,17.49,17.56,4170349.00,74890608.00
2016/03/01,17.80,18.50,17.49,18.35,3272685.00,58911468.00
2016/03/02,18.37,19.35,18.35,19.31,3550291.00,67095304.00
2016/03/03,19.19,19.80,19.05,19.06,3736680.00,72476832.00
2016/03/04,19.00,19.10,17.73,17.96,3538894.00,65011696.00
2016/03/07,18.35,18.97,18.21,18.30,3195641.00,59132824.00
2016/03/08,18.27,18.60,17.02,18.53,3627325.00,65052616.00
2016/03/09,18.10,18.68,17.68,18.21,2510232.00,45845420.00
2016/03/10,18.21,18.47,17.93,17.95,2117168.00,38504300.00
2016/03/11,17.70,19.44,17.51,18.88,5206993.00,96807968.00
2016/03/14,19.03,20.05,19.02,19.73,6806868.00,133573704.00
2016/03/15,19.66,19.66,18.96,19.03,4403157.00,84737352.00
2016/03/16,19.35,19.59,18.51,18.60,3209989.00,60696096.00
2016/03/17,18.75,19.59,18.56,19.47,5239036.00,100590040.00
2016/03/18,19.47,20.39,19.45,20.30,7293009.00,146193024.00
2016/03/21,20.70,20.89,20.33,20.86,7388833.00,152720960.00
2016/03/22,20.62,21.20,20.35,20.80,6354164.00,131722416.00
2016/03/23,20.84,21.70,20.82,21.70,7886458.00,167934864.00
2016/03/24,21.35,22.79,21.01,21.80,10971905.00,240946464.00
2016/03/25,21.87,22.07,21.10,21.45,5806213.00,124857728.00
2016/03/28,21.56,22.12,20.80,20.85,5830602.00,125658792.00
2016/03/29,20.61,21.05,19.90,20.14,4369448.00,88844264.00
2016/03/30,20.25,21.35,20.25,21.31,4815815.00,100185600.00
2016/03/31,21.57,21.98,21.30,21.44,6043668.00,130525696.00
2016/04/01,21.20,21.43,20.50,21.04,4419114.00,92548704.00
2016/04/05,20.98,22.10,20.82,22.10,5047958.00,108803264.00
2016/04/06,22.00,23.10,21.80,22.54,7880359.00,177822496.00
2016/04/07,22.37,22.69,21.57,21.62,5809191.00,127854480.00
2016/04/08,21.26,21.60,21.15,21.58,4134710.00,88295440.00
2016/04/11,21.99,22.51,21.87,22.22,4953656.00,110363968.00
2016/04/12,22.18,22.18,21.45,21.80,3746324.00,81384072.00
2016/04/13,21.99,22.77,21.99,22.20,6440466.00,143964368.00
2016/04/14,22.30,23.00,22.22,23.00,7512642.00,170768336.00
2016/04/15,22.97,22.97,22.51,22.88,5165779.00,117111288.00
2016/04/18,22.50,22.50,21.88,22.26,3746715.00,83182248.00
2016/04/19,22.45,22.77,22.25,22.72,4610596.00,103951288.00
2016/04/20,22.71,22.79,20.45,20.60,7732937.00,165222208.00
2016/04/21,20.65,20.70,19.66,19.71,4385710.00,89066408.00
2016/04/22,19.60,20.19,19.37,20.05,3503588.00,69310920.00
2016/04/25,19.79,19.79,18.98,19.42,4179689.00,80552760.00
2016/04/26,19.36,19.86,19.36,19.86,2810620.00,55093504.00
2016/04/27,19.86,20.00,19.44,19.48,2985508.00,58968624.00
2016/04/28,19.45,19.88,19.10,19.85,3331736.00,65168932.00
2016/04/29,19.78,19.95,19.60,19.79,2518181.00,49908924.00
2016/05/03,19.78,20.88,19.51,20.79,3921414.00,79890512.00
2016/05/04,20.53,20.94,20.43,20.55,3786036.00,78339344.00
2016/05/05,20.55,21.05,20.42,20.95,3515729.00,73090856.00
2016/05/06,20.90,21.42,19.85,19.86,4898720.00,101010424.00
2016/05/09,19.58,19.73,18.51,18.74,3637440.00,69130216.00
2016/05/10,18.70,19.10,18.55,18.82,1965704.00,37115712.00
2016/05/11,18.92,19.28,18.50,18.55,2140484.00,40236632.00
2016/05/12,18.35,18.49,17.72,18.39,2097397.00,38093420.00
2016/05/13,18.40,18.85,18.36,18.55,2061214.00,38393456.00
2016/05/16,18.89,19.30,18.85,19.19,2603722.00,49748744.00
2016/05/17,19.05,19.36,18.67,18.93,3217909.00,61142756.00
2016/05/18,18.88,18.88,18.12,18.29,2701195.00,49537260.00
2016/05/19,18.29,19.14,18.29,18.86,3571104.00,67294280.00
2016/05/20,18.67,19.35,18.48,19.33,3432790.00,65305216.00
2016/05/23,19.50,21.26,19.50,21.26,4249459.00,88747808.00
2016/05/24,22.49,22.94,21.63,22.13,17054248.00,379469728.00
2016/05/25,22.37,22.75,21.65,22.45,11329943.00,251465264.00
2016/05/26,22.22,22.43,20.80,21.70,9744553.00,209251504.00
2016/05/27,21.39,21.74,21.01,21.38,7616787.00,162437792.00
2016/05/30,21.28,21.75,20.60,21.37,5989078.00,127838776.00
2016/05/31,21.30,23.05,21.26,23.03,10539550.00,234656576.00
2016/06/01,22.72,24.20,22.72,23.54,11870062.00,279716960.00
2016/06/02,23.54,23.93,23.01,23.79,7963611.00,186984352.00
2016/06/03,23.79,23.93,23.30,23.46,6124875.00,144364848.00
2016/06/06,23.60,23.76,22.85,23.15,5872837.00,136710240.00
2016/06/07,23.23,25.47,23.23,25.47,9352419.00,231458096.00
2016/06/08,25.88,27.98,25.70,26.29,20578524.00,544798720.00
2016/06/13,25.76,25.76,23.66,23.66,12279736.00,306379360.00
2016/06/14,23.21,23.51,22.30,22.85,10057694.00,229287424.00
2016/06/15,22.60,25.14,22.50,25.14,8476187.00,205799168.00
2016/06/16,26.00,27.65,25.66,25.80,19127270.00,504499072.00
2016/06/17,26.52,27.50,25.50,25.56,12889426.00,339889344.00
2016/06/20,28.12,28.12,26.88,28.12,18877712.00,524653504.00
2016/06/21,28.50,30.08,26.87,27.63,23289524.00,664971392.00
2016/06/22,26.68,27.69,26.12,27.68,12876733.00,344386848.00
2016/06/23,27.40,27.40,26.15,26.53,9921439.00,264217456.00
2016/06/24,26.20,27.69,25.37,27.00,14805634.00,399489472.00
2016/06/27,26.30,27.98,26.30,27.73,10244834.00,277949376.00
2016/06/28,27.40,27.59,26.35,26.88,10493232.00,283088000.00
2016/06/29,26.85,27.49,26.60,26.70,6578667.00,176906000.00
2016/06/30,27.30,29.37,27.30,29.37,14160707.00,409171776.00
2016/07/01,30.00,30.01,28.20,28.20,15850456.00,455434336.00
2016/07/04,28.30,28.96,27.87,28.66,8636681.00,246110016.00
2016/07/05,28.84,31.53,28.84,31.00,18874132.00,571091968.00
2016/07/06,30.21,33.70,29.88,31.96,18041016.00,573139904.00
2016/07/07,31.79,32.48,31.00,32.03,10531244.00,332913728.00
2016/07/08,31.89,32.39,31.08,31.18,8090965.00,256794192.00
2016/07/11,30.96,32.39,29.91,30.41,8456188.00,261349520.00
2016/07/12,30.18,31.15,29.50,30.76,7615167.00,230973744.00
2016/07/13,30.86,31.05,30.16,30.56,4859880.00,148611120.00
2016/07/14,30.10,32.79,30.10,31.60,9501528.00,300924640.00
2016/07/15,31.20,32.32,30.88,31.65,7210935.00,228284592.00
2016/07/18,31.31,31.98,30.22,30.72,6391810.00,198011808.00
2016/07/19,30.38,31.08,30.02,30.76,4709670.00,143300160.00
2016/07/20,30.65,31.27,30.51,30.72,4486425.00,138845632.00
2016/07/21,30.50,30.88,30.04,30.05,4342824.00,131760448.00
2016/07/22,29.80,30.30,28.30,28.49,7895144.00,229472016.00
2016/07/25,28.02,28.55,26.95,27.30,7896772.00,216603552.00
2016/07/26,27.32,28.16,27.25,28.10,6654171.00,184325392.00
2016/07/27,27.80,28.10,25.76,26.21,5902853.00,158649120.00
2016/07/28,26.13,26.75,25.68,26.60,4762602.00,125307184.00
2016/07/29,26.74,27.47,26.21,27.32,5135032.00,138807040.00
2016/08/01,26.89,27.30,25.50,27.00,3522007.00,93949136.00
2016/08/02,28.30,28.30,26.90,27.00,4014265.00,109931344.00
2016/08/03,26.94,27.27,26.40,27.13,3162884.00,85201112.00
2016/08/04,27.33,28.16,26.60,27.90,5462802.00,150642928.00
2016/08/05,27.54,28.14,27.21,27.34,3391650.00,93792512.00
2016/08/08,27.05,27.30,26.33,27.18,2375243.00,63886180.00
2016/08/09,27.09,27.70,27.01,27.40,2579976.00,70781592.00
2016/08/10,27.40,28.08,27.28,27.43,3290489.00,91075320.00
2016/08/11,27.20,27.33,26.21,26.22,3835206.00,102472568.00
2016/08/12,26.05,26.57,25.44,26.43,4351527.00,113031008.00
2016/08/15,26.43,27.30,26.02,27.07,4042965.00,108440184.00
2016/08/16,27.05,27.88,27.05,27.52,4334835.00,119526456.00
2016/08/17,27.60,27.98,27.20,27.58,3876874.00,107043720.00
2016/08/18,27.80,28.39,27.58,28.08,5841259.00,164019584.00
2016/08/19,27.74,28.22,27.71,27.80,2745610.00,76770544.00
2016/08/22,27.80,27.93,25.80,25.98,6083963.00,162080032.00
2016/08/23,25.98,26.55,25.80,26.30,2820817.00,73978456.00
2016/08/24,26.32,26.90,26.32,26.42,2776435.00,74063808.00
2016/08/25,26.26,26.50,25.81,26.29,2951404.00,76984024.00
2016/08/26,26.40,26.79,26.20,26.50,2525061.00,66968756.00
2016/08/29,26.54,26.80,25.98,26.14,2680851.00,70773856.00
2016/08/30,26.06,26.45,26.00,26.07,1592991.00,41752440.00
2016/08/31,26.07,26.29,25.91,26.25,2186968.00,57119720.00
2016/09/01,26.42,26.44,25.75,25.80,3620858.00,93919696.00
2016/09/02,25.78,25.93,24.90,24.97,3688823.00,93305232.00
2016/09/05,24.98,25.73,24.98,25.30,2344500.00,59579220.00
2016/09/06,25.16,27.00,25.10,26.81,6132793.00,161013232.00
2016/09/07,26.81,28.28,26.76,27.30,8535901.00,237607136.00
2016/09/08,27.06,27.76,27.06,27.18,3396414.00,92758552.00
2016/09/09,27.24,29.60,27.24,28.12,9530085.00,271527776.00
2016/09/12,27.43,28.79,26.81,27.56,6253903.00,173715376.00
2016/09/13,27.99,29.35,27.80,29.20,9807435.00,282816128.00
2016/09/14,29.08,29.09,28.00,28.51,5419132.00,153708848.00
2016/09/19,28.51,28.75,28.00,28.40,4409943.00,124750368.00
2016/09/20,28.63,29.69,28.40,29.38,8112889.00,237516592.00
2016/09/21,29.20,29.98,29.01,29.06,5434055.00,160066736.00
2016/09/22,29.00,29.56,28.78,29.10,3722016.00,108199064.00
2016/09/23,29.13,29.52,28.51,29.10,3652205.00,105731800.00
2016/09/26,29.05,29.80,28.63,28.86,5420866.00,159116304.00
2016/09/27,28.50,28.96,27.40,27.99,4380188.00,122465528.00
2016/09/28,28.19,28.22,27.60,27.86,2207865.00,61732820.00
2016/09/29,27.86,28.44,27.76,27.90,2856988.00,80400072.00
2016/09/30,27.90,28.82,27.40,28.68,4369750.00,123815040.00
2016/10/10,29.09,29.59,28.74,29.30,3628193.00,105806304.00
2016/10/11,29.30,29.48,28.93,29.31,2352857.00,68628688.00
2016/10/12,29.00,29.45,28.90,29.19,2228026.00,64894704.00
2016/10/13,29.32,30.69,29.30,30.16,5130485.00,154912272.00
2016/10/14,29.83,30.44,29.30,30.32,4487514.00,134055880.00
2016/10/17,30.44,30.48,29.69,29.79,2844851.00,85314232.00
2016/10/18,29.75,30.25,29.50,29.98,3281415.00,98353056.00
2016/10/19,30.28,30.29,29.10,29.22,3125213.00,92404400.00
2016/10/20,29.16,29.44,28.44,28.73,3270731.00,94305376.00
2016/10/21,28.66,29.00,28.01,28.34,2921532.00,83085992.00
2016/10/24,28.08,28.29,27.31,28.24,5494847.00,152681760.00
2016/10/25,28.44,28.70,28.40,28.42,3203265.00,91387904.00
2016/10/26,28.26,28.42,27.78,27.83,2757460.00,77066144.00
2016/10/27,27.50,28.24,27.27,27.47,3802808.00,105035488.00
2016/10/28,27.58,27.70,26.70,26.70,4190612.00,113906256.00
2016/10/31,26.80,27.42,26.75,27.20,2427983.00,65791144.00
2016/11/01,27.08,27.59,27.03,27.58,2236921.00,61246412.00
2016/11/02,27.50,27.70,26.70,26.95,4178438.00,113119528.00
2016/11/03,26.96,27.90,26.84,27.75,5345662.00,147119344.00
2016/11/04,27.79,27.86,27.51,27.70,2224416.00,61592908.00
2016/11/07,27.98,27.98,26.86,27.18,2559819.00,69580376.00
2016/11/08,27.36,27.43,27.05,27.13,1734196.00,47199436.00
2016/11/09,27.00,27.12,26.01,26.28,4119157.00,109036512.00
2016/11/10,26.32,26.90,26.32,26.56,2492039.00,66263928.00
2016/11/11,26.51,26.73,26.07,26.65,3237187.00,85288072.00
2016/11/14,26.80,27.52,26.74,27.34,3939712.00,107393384.00
2016/11/15,27.40,27.40,26.89,27.27,2374877.00,64330616.00
2016/11/16,27.34,27.79,27.25,27.45,3429624.00,94653208.00
2016/11/17,27.20,27.40,26.85,27.15,2188552.00,59239056.00
2016/11/18,27.06,27.17,26.75,26.80,1929883.00,52025284.00
2016/11/21,26.77,27.25,26.77,26.95,2018678.00,54623712.00
2016/11/22,26.96,27.17,26.58,27.15,3182987.00,85396712.00
2016/11/23,27.18,27.25,26.73,26.73,2572653.00,69500488.00
2016/11/24,26.64,26.84,26.33,26.38,2002724.00,53229108.00
2016/11/25,26.66,26.66,25.80,26.60,2246433.00,59154724.00
2016/11/28,26.86,26.86,26.40,26.41,1732372.00,46076784.00
2016/11/29,26.38,26.51,26.11,26.14,1738806.00,45637076.00
2016/11/30,26.14,26.38,26.00,26.15,1490361.00,39111720.00
2016/12/01,26.20,26.55,26.15,26.38,1540699.00,40706564.00
2016/12/02,26.38,26.46,25.81,25.92,2060095.00,53784040.00
2016/12/05,25.70,25.88,25.38,25.59,1657126.00,42559832.00
2016/12/06,25.25,25.78,25.25,25.55,1038816.00,26519796.00
2016/12/07,25.69,25.77,25.31,25.72,1319008.00,33629200.00
2016/12/08,25.74,25.85,25.16,25.24,1652303.00,42009036.00
2016/12/09,25.21,26.80,25.12,25.90,3902617.00,101431976.00
2016/12/12,25.58,25.60,23.61,23.80,3652414.00,90054080.00
2016/12/13,23.56,23.80,22.80,23.55,2002744.00,46832988.00
2016/12/14,23.30,23.67,23.05,23.07,1238549.00,28776340.00
2016/12/15,22.83,23.66,22.82,23.24,1258642.00,29333798.00
2016/12/16,23.24,23.66,23.16,23.60,1353268.00,31715264.00
2016/12/19,23.51,23.60,23.22,23.45,879185.00,20569012.00
2016/12/20,23.43,23.60,23.13,23.38,890847.00,20881842.00
2016/12/21,23.38,23.57,23.38,23.53,1013607.00,23803708.00
2016/12/22,23.51,23.98,23.50,23.81,1886640.00,44817852.00
2016/12/23,23.70,23.78,23.25,23.28,1222114.00,28716136.00
2016/12/26,23.02,23.55,22.95,23.52,1037452.00,24154022.00
2016/12/27,23.50,23.88,23.35,23.65,1402392.00,33192310.00
2016/12/28,23.56,23.75,23.39,23.61,868913.00,20514514.00
2016/12/29,23.40,23.80,23.39,23.69,1275496.00,30153388.00
2016/12/30,23.61,24.15,23.42,24.00,1994354.00,47494712.00
2017/01/03,24.00,24.88,23.97,24.42,2925051.00,71804200.00
2017/01/04,24.37,26.26,24.18,24.91,4722752.00,118813552.00
2017/01/05,24.92,25.46,24.77,24.98,2146740.00,53784168.00
2017/01/06,24.80,25.16,24.40,24.41,1233471.00,30412404.00
2017/01/09,24.36,24.75,24.36,24.47,1033740.00,25340200.00
2017/01/10,24.60,24.60,23.90,23.99,1116527.00,27148822.00
2017/01/11,23.98,24.29,23.90,24.02,1029516.00,24746142.00
2017/01/12,24.21,24.21,23.31,23.36,998326.00,23677990.00
2017/01/13,23.45,23.45,22.81,22.86,1315509.00,30302942.00
2017/01/16,22.73,23.18,20.57,21.20,2287919.00,49829440.00
2017/01/17,21.02,21.27,19.51,21.05,2622568.00,54037996.00
2017/01/18,20.95,20.95,20.09,20.22,1917066.00,39478676.00
2017/01/19,20.01,20.40,19.90,20.00,1955988.00,39331476.00
2017/01/20,19.92,21.33,19.92,21.04,2600119.00,54207488.00
2017/01/23,21.00,21.30,20.73,20.95,1340059.00,28116926.00
2017/01/24,20.85,21.20,20.35,20.48,1861219.00,38417244.00
2017/01/25,20.50,20.70,20.16,20.48,2297457.00,46851728.00
2017/01/26,20.60,20.78,20.33,20.77,1380775.00,28488138.00
2017/02/03,20.79,20.89,20.22,20.47,1856213.00,37953912.00
2017/02/06,20.47,21.15,20.31,21.15,2430878.00,50361932.00
2017/02/07,21.10,21.17,20.74,21.16,2293497.00,47905532.00
2017/02/08,21.15,22.65,20.76,21.68,2655801.00,57245160.00
2017/02/09,21.72,21.98,21.50,21.87,2520999.00,54793264.00
2017/02/10,21.80,22.09,21.70,21.85,1941332.00,42554364.00
2017/02/13,21.85,22.09,21.61,21.77,1504399.00,32876598.00
2017/02/14,21.77,21.84,21.58,21.62,1037206.00,22494972.00
2017/02/15,21.62,21.86,21.35,21.37,1280847.00,27702486.00
2017/02/16,21.30,21.58,21.20,21.35,1060328.00,22659286.00
2017/02/17,21.43,21.48,20.91,21.27,1295484.00,27448878.00
2017/02/20,21.19,21.31,21.03,21.31,1212488.00,25646400.00
2017/02/21,21.28,21.77,21.13,21.70,2160997.00,46577240.00
2017/02/22,21.56,21.78,21.50,21.68,1496481.00,32356134.00
2017/02/23,21.57,22.06,21.57,22.00,2400226.00,52601872.00
2017/02/24,22.10,22.50,21.90,22.37,2113887.00,46828220.00
2017/02/27,22.30,22.36,21.76,21.93,1622690.00,35751788.00
2017/02/28,21.80,22.10,21.72,21.93,1298564.00,28386656.00
2017/03/01,21.93,22.10,21.81,21.94,1617636.00,35569676.00
2017/03/02,22.00,22.03,21.52,21.55,1781719.00,38640036.00
2017/03/03,21.35,22.69,21.32,22.49,4583532.00,101460304.00
2017/03/06,22.57,23.18,22.30,23.00,4525513.00,103604552.00
2017/03/07,22.82,23.66,22.76,23.56,4881713.00,113830432.00
2017/03/08,23.31,23.81,23.16,23.60,3930202.00,92368680.00
2017/03/09,23.55,23.55,23.20,23.45,2339228.00,54625336.00
2017/03/10,23.26,23.90,23.08,23.76,3292701.00,77535176.00
2017/03/13,23.57,24.45,23.00,23.45,4666173.00,111264128.00
2017/03/14,23.34,23.99,23.19,23.39,2279415.00,53736764.00
2017/03/15,23.26,23.88,23.26,23.41,2175653.00,51247968.00
2017/03/16,23.40,23.75,23.38,23.64,2406430.00,56725016.00
2017/03/17,23.86,23.86,23.37,23.40,2112518.00,49840688.00
2017/03/20,23.44,23.80,23.25,23.55,1762533.00,41468868.00
2017/03/21,23.68,24.80,23.66,24.63,6364387.00,155225728.00
2017/03/22,24.32,24.77,24.11,24.51,3398289.00,83141808.00
2017/03/23,24.60,24.60,23.90,24.17,2242638.00,54422452.00
2017/03/24,24.06,24.29,23.91,24.10,1412885.00,33952344.00
2017/03/27,24.12,24.38,23.85,23.92,1611213.00,38655616.00
2017/03/28,23.87,24.05,23.52,23.54,1448420.00,34333108.00
2017/03/29,23.54,23.80,23.29,23.35,2299206.00,54107168.00
2017/03/30,23.35,23.55,22.44,22.85,1813743.00,41642752.00
2017/03/31,22.84,23.33,22.51,23.20,1560692.00,35982056.00
2017/04/05,23.36,24.90,23.36,24.60,4072873.00,99647528.00
2017/04/06,24.50,25.80,24.48,25.12,5538665.00,140090016.00
2017/04/07,25.12,25.58,24.82,25.12,3381920.00,85016832.00
2017/04/10,24.81,25.80,24.32,25.05,4952435.00,124680448.00
2017/04/11,25.00,25.66,24.35,25.11,3255237.00,81997360.00
2017/04/12,25.49,25.49,24.80,24.98,2365337.00,59316676.00
2017/04/13,24.96,25.30,24.75,24.99,2069869.00,51868656.00
2017/04/14,25.10,25.60,24.53,25.07,2610126.00,65501596.00
2017/04/17,24.72,26.75,24.10,25.50,5596188.00,143311552.00
2017/04/18,25.79,26.10,24.58,24.80,3306390.00,83483672.00
2017/04/19,24.80,25.19,23.40,25.06,3240658.00,78842912.00
2017/04/20,24.79,26.14,24.79,25.93,4364931.00,112295080.00
2017/04/21,25.87,26.12,25.60,26.00,2571236.00,66618900.00
2017/04/24,26.05,26.07,25.20,25.34,1990692.00,50837792.00
2017/04/25,25.80,25.80,25.12,25.50,1742366.00,44225244.00
2017/04/26,25.50,25.98,25.50,25.94,1635594.00,42137780.00
2017/04/27,25.94,26.28,25.39,26.25,2608338.00,67359096.00
2017/04/28,26.20,26.49,25.88,26.30,2288257.00,59793368.00
2017/05/02,26.16,26.50,25.60,25.81,1724110.00,44721028.00
2017/05/03,25.67,26.26,25.58,25.85,1621550.00,42002568.00
2017/05/04,25.61,25.67,24.00,24.20,3197725.00,79633808.00
2017/05/05,24.23,24.46,23.56,23.94,2042888.00,49174728.00
2017/05/08,23.35,23.90,21.60,22.47,3547444.00,80081504.00
2017/05/09,22.27,23.30,22.10,23.07,1213256.00,27783654.00
2017/05/10,22.85,23.34,22.83,23.29,1086411.00,25127322.00
2017/05/11,23.12,23.25,22.49,22.99,904637.00,20768396.00
2017/05/12,22.69,23.37,22.69,23.12,714418.00,16526944.00
2017/05/15,23.13,23.62,23.13,23.30,709700.00,16589954.00
2017/05/16,23.18,23.29,21.11,22.92,2473397.00,55277648.00
2017/05/17,22.98,23.28,21.60,22.09,4856273.00,107268776.00
2017/05/18,21.93,22.20,21.70,22.10,1202262.00,26453580.00
2017/05/19,21.97,22.23,21.86,22.09,851117.00,18704832.00
2017/05/22,22.18,22.18,21.10,21.40,1382550.00,29795156.00
2017/05/23,21.60,21.60,21.02,21.29,932395.00,19729298.00
2017/05/24,21.28,21.32,20.66,21.24,691700.00,14567315.00
2017/05/25,21.19,21.66,21.05,21.46,821709.00,17525698.00
2017/05/26,21.39,21.65,21.21,21.50,827599.00,17726096.00
2017/05/31,21.55,21.83,21.24,21.32,551200.00,11851050.00
2017/06/01,21.22,21.29,20.00,20.52,1699120.00,35079464.00
2017/06/02,20.52,20.64,19.80,20.52,928322.00,18762046.00
2017/06/05,20.41,21.00,20.41,21.00,1073482.00,22336336.00
2017/06/06,21.00,21.20,20.80,20.96,474200.00,9923099.00
2017/06/07,21.00,21.44,20.82,21.37,1501841.00,31866180.00
2017/06/08,21.22,21.69,21.20,21.52,993425.00,21381660.00
2017/06/09,21.40,21.48,20.83,21.01,945225.00,19934056.00
2017/06/12,21.01,21.16,20.70,20.80,502876.00,10491617.00
2017/06/13,20.97,22.00,20.81,21.86,2122669.00,45829444.00
2017/06/14,21.87,22.37,21.57,21.60,1543525.00,34006104.00
2017/06/15,21.90,22.07,21.51,21.89,823024.00,18046158.00
2017/06/16,21.85,22.00,21.66,21.88,630317.00,13730288.00
2017/06/19,21.72,21.94,21.51,21.76,672300.00,14585473.00
2017/06/20,21.80,21.90,21.31,21.69,1453945.00,31436328.00
2017/06/21,21.75,21.75,20.76,21.18,2298725.00,48449512.00
2017/06/22,21.25,21.25,20.66,20.67,1238151.00,25943006.00
2017/06/23,20.99,20.99,20.60,20.77,830951.00,17234840.00
2017/06/26,20.67,20.88,20.48,20.86,1016652.00,21005104.00
2017/06/27,20.86,20.89,20.62,20.70,547605.00,11354420.00
2017/06/28,20.70,20.71,20.46,20.58,356742.00,7340157.50
2017/06/29,20.69,20.84,20.56,20.75,855300.00,17733752.00
2017/06/30,20.75,21.58,20.72,21.46,1600902.00,34136104.00
2017/07/03,21.46,21.55,21.06,21.45,964646.00,20567506.00
2017/07/04,21.42,21.57,21.14,21.18,781185.00,16695367.00
2017/07/05,21.36,21.36,21.06,21.23,803807.00,17013694.00
2017/07/06,21.28,23.10,21.22,22.48,5235426.00,116968352.00
2017/07/07,22.11,22.99,22.11,22.34,2302577.00,51689260.00
2017/07/10,22.58,23.70,22.34,23.11,3257094.00,75452896.00
2017/07/11,23.28,23.55,22.44,22.44,2702515.00,62564020.00
2017/07/12,22.57,23.66,22.57,23.38,3283327.00,76182904.00
2017/07/13,23.47,24.10,23.16,23.26,2688430.00,63735664.00
2017/07/14,23.20,23.65,22.88,22.92,1291638.00,29798490.00
2017/07/17,23.00,23.00,21.09,21.55,3308602.00,72866328.00
2017/07/18,21.50,22.35,21.20,22.25,1298692.00,28323232.00
2017/07/19,22.50,22.50,21.10,21.97,3357591.00,72025344.00
2017/07/20,21.78,23.71,21.36,23.32,4189651.00,95486920.00
2017/07/21,23.10,23.68,22.70,23.14,2067173.00,47771548.00
2017/08/01,21.81,23.18,21.41,23.18,4246493.00,95433992.00
2017/08/02,23.00,23.86,22.70,22.72,3679394.00,85093112.00
2017/08/03,22.55,22.90,22.40,22.61,1687100.00,38094840.00
2017/08/04,22.43,22.75,21.89,21.90,1338410.00,29752954.00
2017/08/07,21.95,22.29,21.30,22.01,1186780.00,25932292.00
2017/08/08,22.07,22.07,21.49,21.92,1758155.00,38186344.00
2017/08/09,21.92,21.96,21.42,21.68,1863511.00,40340268.00
2017/08/10,21.51,21.68,20.88,21.13,1936153.00,41027332.00
2017/08/11,20.90,21.20,20.89,21.15,943726.00,19796856.00
2017/08/14,21.10,21.72,21.02,21.49,1816996.00,38750612.00
2017/08/15,21.66,21.66,20.92,21.16,2199097.00,46667372.00
2017/08/16,20.99,21.34,20.90,21.24,1212011.00,25649592.00
2017/08/17,21.08,21.30,21.08,21.25,982881.00,20836094.00
2017/08/18,21.24,21.24,20.95,21.10,882772.00,18585618.00
2017/08/21,21.00,21.30,21.00,21.20,806442.00,17092038.00
2017/08/22,21.20,21.20,20.72,20.76,1213805.00,25406352.00
2017/08/23,20.66,20.94,20.66,20.74,779694.00,16191588.00
2017/08/24,20.68,20.97,20.49,20.82,1046831.00,21695770.00
2017/08/25,20.90,21.00,20.76,20.79,1273475.00,26513556.00
2017/08/28,20.47,20.98,20.47,20.70,3393431.00,70293064.00
2017/08/29,20.54,20.96,20.54,20.84,2440858.00,50675040.00
2017/08/30,20.80,20.84,20.49,20.58,1643635.00,33906156.00
2017/08/31,20.69,20.69,20.24,20.54,1910426.00,38950740.00
2017/09/01,20.50,20.69,20.41,20.66,1860510.00,38222716.00
2017/09/04,20.50,22.48,20.50,22.15,7044035.00,152663344.00
2017/09/05,22.15,22.42,21.70,22.28,3201778.00,70615024.00
2017/09/06,22.00,22.43,21.89,22.41,2928779.00,65076060.00
2017/09/07,22.39,22.75,22.12,22.13,2999281.00,67025444.00
2017/09/08,22.02,22.20,21.55,21.70,2353843.00,51293964.00
2017/09/11,21.69,22.85,21.69,22.72,4678626.00,105362384.00
2017/09/12,22.88,23.26,22.36,22.36,4564598.00,104204704.00
2017/09/13,22.18,22.56,21.86,22.55,2396595.00,53078080.00
2017/09/14,22.40,22.67,22.01,22.15,1724005.00,38509332.00
2017/09/15,21.98,22.90,21.81,22.82,2857434.00,64138784.00
2017/09/18,22.82,22.97,22.33,22.86,2689141.00,61101400.00
2017/09/19,22.72,22.95,22.52,22.80,1540796.00,35028688.00
2017/09/20,22.59,22.80,22.29,22.35,1995023.00,44887508.00
2017/09/21,22.37,23.66,22.37,22.59,5061845.00,116983568.00
2017/09/22,22.29,22.88,21.98,22.72,2448497.00,55076620.00
2017/09/25,22.76,22.98,22.42,22.52,1537322.00,34895764.00
2017/09/26,22.33,22.65,21.88,22.00,1973585.00,43754272.00
2017/09/27,21.96,22.39,21.96,22.18,1019873.00,22701958.00
2017/09/28,22.27,22.45,22.10,22.31,1179229.00,26226758.00
2017/09/29,22.31,22.75,22.14,22.50,1640864.00,36994932.00
2017/10/09,22.80,22.99,22.38,22.68,1905149.00,43041076.00
2017/10/10,22.98,22.98,22.40,22.60,3602793.00,81416272.00
2017/10/11,22.62,22.70,21.98,21.99,2170149.00,48087340.00
2017/10/12,21.91,22.15,21.34,21.51,2042477.00,44399076.00
2017/10/13,21.25,21.88,21.25,21.33,1882172.00,40408040.00
2017/10/16,21.50,21.93,21.43,21.77,2435494.00,52907272.00
2017/10/17,22.00,22.00,21.39,21.52,3477855.00,75487032.00
2017/10/18,21.45,21.75,21.30,21.35,981710.00,21063502.00
2017/10/19,21.37,21.49,21.07,21.20,1147376.00,24318838.00
2017/10/20,21.39,21.39,21.08,21.31,884165.00,18808802.00
2017/10/23,21.31,21.40,21.15,21.31,1285816.00,27272878.00
2017/10/24,21.30,21.30,21.02,21.18,966444.00,20420446.00
2017/10/25,21.18,21.40,21.17,21.39,925260.00,19672386.00
2017/10/26,21.38,21.70,21.26,21.47,1063543.00,22899788.00
2017/10/27,21.48,21.76,21.30,21.38,912036.00,19626534.00
2017/10/30,21.39,21.43,20.20,20.50,2173379.00,44725260.00
2017/10/31,20.10,20.48,19.90,20.09,2102625.00,42240216.00
2017/11/01,20.25,20.25,19.90,19.92,1386687.00,27743276.00
2017/11/02,20.10,20.25,19.90,19.94,888760.00,17812968.00
2017/11/03,20.08,20.24,19.85,19.95,756525.00,15117035.00
2017/11/06,19.95,20.20,19.90,20.05,945920.00,18979854.00
2017/11/07,20.17,20.26,19.95,20.07,1009010.00,20285866.00
2017/11/08,20.19,20.19,19.95,20.15,1023399.00,20566104.00
2017/11/09,20.10,20.30,20.07,20.27,693917.00,14011963.00
2017/11/10,20.30,20.39,19.96,20.25,1408599.00,28466784.00
2017/11/13,20.20,20.20,20.00,20.03,1488782.00,29890804.00
2017/11/14,19.99,20.14,19.22,19.38,1521321.00,29925100.00
2017/11/15,19.34,19.40,18.42,18.55,2307284.00,43207376.00
2017/11/16,18.56,18.76,18.05,18.12,2572955.00,46975032.00
2017/11/17,18.19,18.25,17.00,17.00,2767737.00,48461784.00
2018/04/20,15.30,16.00,15.30,15.30,7037137.00,107840808.00
2018/04/23,14.17,14.82,13.77,13.88,11589392.00,163528208.00
2018/04/24,13.85,14.29,13.76,14.12,6115963.00,86093608.00
2018/04/25,14.41,15.28,14.36,14.50,11426659.00,168384608.00
2018/04/26,14.65,15.95,14.65,15.95,15935197.00,248570016.00
2018/04/27,16.00,17.39,15.82,16.98,19591166.00,327488800.00
2018/05/02,16.55,16.78,16.18,16.65,9171792.00,151099200.00
2018/05/03,16.37,17.87,16.18,17.31,11026235.00,188218368.00
2018/05/04,17.03,17.51,16.77,16.82,7112142.00,121263352.00
2018/05/07,16.08,16.85,16.08,16.60,6789518.00,111694472.00
2018/05/08,16.77,17.35,16.53,16.62,8508009.00,143482352.00
2018/05/09,16.68,16.80,16.40,16.60,4256926.00,70503928.00
2018/05/10,16.66,17.35,16.52,17.20,7010291.00,118614136.00
2018/05/11,17.57,17.58,17.06,17.29,5958380.00,102877896.00
2018/05/14,17.20,17.28,16.70,16.75,4868534.00,82800240.00
2018/05/15,16.80,17.15,16.61,16.91,4191775.00,70492368.00
2018/05/16,16.84,16.89,16.57,16.61,3715891.00,62019388.00
2018/05/17,16.60,16.82,16.46,16.67,2849888.00,47366936.00
2018/05/18,16.66,16.77,16.48,16.65,2295423.00,38145908.00
2018/05/21,16.80,17.07,16.61,16.95,4072203.00,68421720.00
2018/05/22,16.97,17.01,16.68,16.85,3093880.00,51963512.00
2018/05/23,16.80,16.80,16.42,16.43,3154890.00,52449452.00
2018/05/24,16.52,16.82,16.27,16.64,2959759.00,49307036.00
2018/05/25,16.58,16.77,16.44,16.68,2667845.00,44294284.00
2018/05/28,16.72,16.85,16.44,16.81,2830669.00,47350208.00
2018/05/29,16.81,17.26,16.75,16.96,5172112.00,88237800.00
2018/05/30,16.65,16.69,15.26,15.26,5529827.00,87438824.00
2018/05/31,15.30,15.63,15.08,15.34,3038706.00,46763768.00
2018/06/01,15.33,15.60,15.03,15.09,3043047.00,46518240.00
2018/06/04,15.08,15.25,14.52,14.89,2437591.00,36182128.00
2018/06/05,14.90,15.39,14.80,15.38,2483461.00,37811124.00
2018/06/06,15.38,15.55,15.23,15.53,2393309.00,36932992.00
2018/06/07,15.58,15.71,15.24,15.24,2367472.00,36617968.00
2018/06/08,15.28,15.42,15.03,15.36,2249018.00,34189740.00
2018/06/11,15.25,15.40,15.02,15.09,1581534.00,24066392.00
2018/06/12,15.04,15.48,14.90,15.45,2539357.00,38724740.00
2018/06/13,15.41,15.41,15.00,15.00,2037117.00,30916788.00
2018/06/14,14.84,15.18,14.84,15.05,1333591.00,20051262.00
2018/06/15,14.90,15.10,14.42,14.44,2399803.00,35154624.00
2018/06/19,14.29,14.32,13.00,13.05,3437679.00,46183304.00
2018/06/20,12.99,13.48,12.90,13.33,3053977.00,40276852.00
2018/06/21,13.32,13.66,13.01,13.01,2472685.00,33015586.00
2018/06/22,13.07,13.65,13.00,13.49,2714993.00,36487964.00
2018/06/25,13.79,14.84,13.77,14.11,3437742.00,48765192.00
2018/06/26,14.44,14.80,14.21,14.64,3862823.00,56182040.00
2018/06/27,14.50,14.63,14.13,14.25,3314838.00,47448760.00
2018/06/28,14.26,14.57,14.18,14.26,2943630.00,42279424.00
2018/06/29,14.26,15.52,14.20,15.18,5678053.00,84421232.00
2018/07/02,15.30,15.30,14.30,14.71,4786720.00,71365480.00
2018/07/03,14.93,15.40,14.77,15.40,7333794.00,110984952.00
2018/07/04,8.80,9.37,8.73,9.37,13839053.00,128287520.00
2018/07/05,9.55,9.78,8.93,8.96,25568444.00,238926416.00
2018/07/06,8.50,9.09,8.06,8.37,25275044.00,214333520.00
2018/07/09,8.43,9.21,8.22,9.21,25625328.00,228573136.00
2018/07/10,9.53,10.13,9.26,10.13,48313220.00,475767872.00
2018/07/11,9.79,10.88,9.40,10.17,50201504.00,504343264.00
2018/07/12,9.70,10.29,9.61,10.03,34371236.00,342638976.00
2018/07/13,10.20,10.38,9.45,10.04,40493396.00,401683264.00
2018/07/16,9.90,9.97,9.67,9.77,17169044.00,168029456.00
2018/07/17,9.55,9.92,9.52,9.77,14856165.00,144995360.00
2018/07/18,9.78,10.06,9.54,9.88,22947616.00,226033312.00
2018/07/19,9.70,10.05,9.62,9.62,13903203.00,136354736.00
2018/07/20,9.62,9.78,9.22,9.58,13962604.00,133161872.00
2018/07/23,9.71,9.72,9.34,9.47,11160814.00,106423344.00
2018/07/24,9.45,9.65,9.36,9.62,11414266.00,108994368.00
2018/07/25,9.58,9.71,9.41,9.44,9431094.00,89953456.00
2018/07/26,9.47,9.47,9.04,9.12,12634301.00,116092224.00
2018/07/27,9.12,9.20,8.94,8.94,6593379.00,59797948.00
2018/07/30,8.96,9.05,8.71,8.80,7145943.00,63686180.00
2018/07/31,8.80,8.93,8.71,8.85,5465687.00,48207200.00
2018/08/01,8.85,8.97,8.44,8.55,8497279.00,74458192.00
2018/08/02,8.49,8.67,7.93,8.14,8062497.00,66027804.00
2018/08/03,8.12,8.21,7.96,7.96,4954969.00,39975924.00
2018/08/06,7.91,8.13,7.71,8.10,6263629.00,49602012.00
2018/08/07,8.04,8.29,8.03,8.28,7345625.00,60026292.00
2018/08/08,8.21,8.24,7.82,7.90,6579780.00,53110444.00
2018/08/09,7.81,8.17,7.81,8.10,6334192.00,51209260.00
2018/08/10,8.11,8.19,8.00,8.14,5504840.00,44572772.00
2018/08/13,7.95,8.16,7.87,8.16,5756216.00,46040788.00
2018/08/14,8.14,8.35,8.09,8.34,7408967.00,61027356.00
2018/08/15,8.31,8.33,8.00,8.01,5696276.00,46415784.00
2018/08/16,7.87,8.10,7.78,7.85,4319022.00,34358160.00
2018/08/17,7.95,8.00,7.58,7.61,5151784.00,39972012.00
2018/08/20,7.53,7.71,7.44,7.69,4304858.00,32660048.00
2018/08/21,7.69,7.82,7.61,7.77,4211351.00,32557298.00
2018/08/22,7.74,7.84,7.70,7.75,3477539.00,27053964.00
2018/08/23,7.71,7.92,7.71,7.86,3929633.00,30877842.00
2018/08/24,7.81,7.99,7.81,7.86,3419710.00,27045940.00
2018/08/27,7.97,8.35,7.86,8.26,8888868.00,73050800.00
2018/08/28,8.22,8.28,8.15,8.23,4707780.00,38691820.00
2018/08/29,8.30,8.48,8.20,8.36,6870115.00,57190960.00
2018/08/30,8.30,8.30,8.02,8.03,6526818.00,53008504.00
2018/08/31,7.90,8.07,7.89,7.89,3767568.00,29995134.00
2018/09/03,7.89,7.89,7.67,7.80,4519610.00,35028300.00
2018/09/04,7.79,7.93,7.77,7.91,4223136.00,33179992.00
2018/09/05,7.88,7.89,7.65,7.65,4232498.00,32973854.00
2018/09/06,7.66,7.78,7.63,7.68,3661903.00,28230342.00
2018/09/07,7.75,7.83,7.60,7.66,3825019.00,29530242.00
2018/09/10,7.63,7.70,7.26,7.28,5234601.00,38873216.00
2018/09/11,7.35,7.45,7.30,7.40,3548364.00,26185092.00
2018/09/12,7.45,7.52,7.35,7.37,4040084.00,29992534.00
2018/09/13,7.48,7.49,7.33,7.44,3098885.00,22952504.00
2018/09/14,7.47,7.54,7.34,7.35,4288021.00,31924116.00
2018/09/17,7.35,7.35,7.13,7.16,3691997.00,26550130.00
2018/09/18,7.12,7.36,7.10,7.33,3836768.00,27807718.00
2018/09/19,7.37,7.58,7.31,7.46,6244726.00,46812808.00
2018/09/20,7.40,7.50,7.37,7.46,3666604.00,27276184.00
2018/09/21,7.46,7.52,7.37,7.51,4592352.00,34254296.00
2018/09/25,7.43,7.48,7.37,7.39,3268976.00,24244126.00
2018/09/26,7.42,7.80,7.38,7.65,9085277.00,69435880.00
2018/09/27,7.62,7.63,7.41,7.45,6079921.00,45674052.00
2018/09/28,7.41,7.49,7.36,7.44,3825752.00,28387380.00
2018/10/08,7.34,7.35,7.03,7.04,3765062.00,27072956.00
2018/10/09,7.06,7.25,7.06,7.23,3849787.00,27647100.00
2018/10/10,7.20,7.34,7.14,7.24,2789968.00,20187742.00
2018/10/11,7.00,7.00,6.52,6.52,6869639.00,45913900.00
2018/10/12,6.38,6.51,6.06,6.30,5456311.00,34217140.00
2018/10/15,6.49,6.93,6.48,6.93,4366476.00,29757546.00
2018/10/16,7.20,7.57,6.95,6.99,21680164.00,157497648.00
2018/10/17,6.83,6.97,6.66,6.95,12868257.00,87986312.00
2018/10/18,6.75,6.78,6.45,6.45,8654725.00,57405788.00
2018/10/19,6.16,6.68,6.13,6.58,8407184.00,54412812.00
2018/10/22,6.76,6.96,6.62,6.92,10787782.00,73527976.00
2018/10/23,6.84,6.94,6.56,6.59,8462764.00,57120884.00
2018/10/24,6.53,7.25,6.53,7.25,5412976.00,38499272.00
2018/10/25,7.30,7.78,7.21,7.44,29960402.00,224088944.00
2018/10/26,7.26,7.46,7.21,7.39,14472048.00,105981504.00
2018/10/29,7.28,7.34,7.11,7.14,8866442.00,63916744.00
2018/10/30,7.20,7.35,7.05,7.31,10314887.00,74729056.00
2018/10/31,7.33,7.36,7.15,7.25,10359698.00,75061712.00
2018/11/01,7.22,7.33,7.15,7.18,10811206.00,78301744.00
2018/11/02,7.26,7.40,7.19,7.37,12887793.00,94288856.00
2018/11/05,7.35,7.45,7.22,7.38,9647424.00,70833464.00
2018/11/06,7.32,7.34,7.12,7.21,6710669.00,48287268.00
2018/11/07,7.20,7.76,7.17,7.37,14916972.00,111158672.00
2018/11/08,7.34,7.41,7.22,7.25,7347130.00,53596864.00
2018/11/09,7.18,7.31,7.16,7.18,4392534.00,31775054.00
2018/11/12,7.14,7.37,7.14,7.37,6638128.00,48303092.00
2018/11/13,7.25,7.66,7.25,7.46,12350414.00,92111144.00
2018/11/14,7.50,7.75,7.44,7.57,14802766.00,112562840.00
2018/11/15,7.54,7.71,7.50,7.70,10797622.00,82040040.00
2018/11/16,7.65,7.85,7.58,7.70,12482074.00,96028344.00
2018/11/19,7.71,7.78,7.56,7.67,7481321.00,57278836.00
2018/11/20,7.53,7.59,7.28,7.30,8746113.00,65211592.00
2018/11/21,7.17,7.35,7.16,7.35,5325130.00,38636208.00
2018/11/22,7.38,7.47,7.32,7.32,5089972.00,37701060.00
2018/11/23,7.40,7.42,6.73,6.79,9102264.00,63606912.00
2018/11/26,6.74,6.87,6.65,6.77,4483784.00,30270644.00
2018/11/27,6.78,6.88,6.71,6.77,4049060.00,27501406.00
2018/11/28,6.75,6.91,6.64,6.90,5397515.00,36723980.00
2018/11/29,6.96,6.99,6.64,6.64,4943892.00,33868292.00
2018/11/30,6.62,6.76,6.53,6.74,4885019.00,32465312.00
2018/12/03,6.80,6.97,6.76,6.94,8352979.00,57471552.00
2018/12/04,6.89,6.91,6.80,6.90,5444123.00,37365512.00
2018/12/05,6.75,6.85,6.68,6.80,4226855.00,28603398.00
2018/12/06,6.82,7.09,6.82,6.87,9082930.00,63023184.00
2018/12/07,6.86,6.90,6.72,6.80,3691728.00,25012872.00
2018/12/10,6.75,6.75,6.61,6.66,3454319.00,23053112.00
2018/12/11,6.68,6.75,6.64,6.73,2290345.00,15358674.00
2018/12/12,6.80,6.82,6.70,6.74,2718655.00,18351716.00
2018/12/13,6.77,6.82,6.64,6.78,4167409.00,28185210.00
2018/12/14,6.81,6.81,6.51,6.62,4908826.00,32635578.00
2018/12/17,6.62,6.62,6.46,6.58,2386705.00,15641655.00
2018/12/18,6.52,6.61,6.46,6.57,2584485.00,16856384.00
2018/12/19,6.55,6.61,6.43,6.57,2704467.00,17631748.00
2018/12/20,6.48,6.56,6.46,6.55,3056770.00,19915878.00
2018/12/21,6.53,6.54,6.40,6.46,2685566.00,17362240.00
2018/12/24,6.43,6.70,6.38,6.70,11535261.00,75669016.00
2018/12/25,6.62,6.62,6.38,6.55,4961597.00,32213774.00
2018/12/26,6.51,7.18,6.51,6.75,16181630.00,110008056.00
2018/12/27,6.84,6.85,6.61,6.67,12796955.00,86093544.00
2018/12/28,6.68,6.74,6.52,6.57,5979348.00,39400248.00
2019/01/02,6.57,6.68,6.51,6.57,3387736.00,22277864.00
2019/01/03,6.53,6.61,6.32,6.37,8158320.00,52592668.00
2019/01/04,6.29,6.55,6.24,6.53,8900902.00,57507552.00
2019/01/07,6.57,6.85,6.47,6.73,14250844.00,95245368.00
2019/01/08,6.68,6.78,6.62,6.72,9405067.00,62989536.00
2019/01/09,6.74,7.05,6.68,6.74,13276831.00,90617368.00
2019/01/10,6.75,7.15,6.75,6.90,16805604.00,116095608.00
2019/01/11,6.83,6.83,6.68,6.78,10127404.00,68401912.00
2019/01/14,6.73,6.78,6.55,6.55,9429193.00,62682632.00
2019/01/15,6.55,6.66,6.50,6.66,7064131.00,46578596.00
2019/01/16,6.62,6.73,6.55,6.67,8326903.00,55316060.00
2019/01/17,6.63,6.66,6.48,6.53,7131994.00,46677332.00
2019/01/18,6.50,6.58,6.44,6.53,5695722.00,37020568.00
2019/01/21,6.54,6.70,6.54,6.65,6215633.00,41222064.00
2019/01/22,6.82,6.84,6.57,6.58,6244152.00,41674612.00
2019/01/23,6.55,6.67,6.49,6.67,4584887.00,30138948.00
2019/01/24,6.63,6.72,6.60,6.71,5646268.00,37715572.00
2019/01/25,6.70,6.81,6.67,6.72,8195576.00,55157820.00
2019/01/28,6.75,6.81,6.71,6.80,7988983.00,54054876.00
2019/01/29,6.76,6.79,6.52,6.66,5877388.00,39140576.00
2019/01/30,6.64,6.64,6.45,6.50,7369439.00,47953948.00
2019/01/31,6.51,6.75,6.51,6.73,9710352.00,64732500.00
2019/02/01,6.75,6.96,6.72,6.96,13877840.00,95133760.00
2019/02/11,6.90,7.06,6.84,7.06,11624619.00,80992528.00
2019/02/12,7.04,7.07,6.93,7.01,11540332.00,80653680.00
2019/02/13,6.99,7.18,6.97,7.15,16126702.00,114096624.00
2019/02/14,7.11,7.23,7.03,7.15,15813697.00,112593664.00
2019/02/15,7.10,7.15,7.04,7.08,9294606.00,65753136.00
2019/02/18,7.10,7.38,7.07,7.38,19267672.00,139547120.00
2019/02/19,7.41,7.52,7.21,7.33,13512433.00,99262968.00
2019/02/20,7.33,7.34,7.20,7.32,7621788.00,55443524.00
2019/02/21,7.29,7.47,7.20,7.33,15745072.00,115460992.00
2019/02/22,7.28,7.49,7.22,7.48,16360665.00,120475136.00
2019/02/25,7.52,8.23,7.46,8.09,30535358.00,236748464.00
2019/02/26,8.01,8.10,7.75,8.10,27907734.00,221002880.00
2019/02/27,8.09,8.42,7.90,8.12,26675628.00,218156752.00
2019/02/28,8.09,8.30,7.97,8.04,15931549.00,129042120.00
2019/03/01,8.03,8.07,7.76,7.85,13699529.00,107607736.00
2019/03/04,7.88,8.18,7.84,8.10,22348132.00,179465008.00
2019/03/05,8.03,8.24,8.00,8.19,18266708.00,148240512.00
2019/03/06,8.19,8.87,8.09,8.68,33182100.00,281996128.00
2019/03/07,8.55,8.78,8.45,8.69,24107992.00,207437536.00
2019/03/08,8.55,8.93,8.39,8.58,28265550.00,245110352.00
2019/03/11,8.64,9.44,8.64,9.44,34402120.00,312770592.00
2019/03/12,9.80,10.37,9.41,9.90,50378096.00,493600960.00
2019/03/13,9.90,9.90,9.05,9.20,31026464.00,291433856.00
2019/03/14,9.10,9.37,8.46,8.58,23401078.00,204931712.00
2019/03/15,8.60,8.78,8.35,8.71,17298456.00,149060736.00
2019/03/18,8.65,8.95,8.61,8.93,18089758.00,159087248.00
2019/03/19,8.89,9.03,8.75,8.94,14220890.00,125927112.00
2019/03/20,8.90,9.00,8.71,8.82,12309228.00,108832224.00
2019/03/21,8.83,9.15,8.80,9.08,17059948.00,153833408.00
2019/03/22,9.06,9.20,8.82,8.98,18194492.00,163242736.00
2019/03/25,8.78,8.86,8.68,8.72,17605616.00,154396304.00
2019/03/26,8.77,8.83,8.53,8.68,15163334.00,131635320.00
2019/03/27,8.72,8.89,8.70,8.87,12027134.00,105965416.00
2019/03/28,8.87,9.18,8.87,9.15,24961840.00,226407984.00
2019/03/29,9.09,9.09,8.68,8.98,24982532.00,222730896.00
2019/04/01,8.98,9.33,8.98,9.30,22212968.00,203429920.00
2019/04/02,9.30,9.45,9.15,9.22,16257780.00,149982752.00
2019/04/03,9.16,9.27,9.12,9.23,14720945.00,135417632.00
2019/04/04,9.23,9.35,9.06,9.24,13365510.00,122671024.00
2019/04/08,9.20,9.35,8.98,9.18,14461861.00,132437328.00
2019/04/09,9.15,9.25,9.06,9.19,9351150.00,85374536.00
2019/04/10,9.18,9.18,8.86,9.15,14252653.00,128395632.00
2019/04/11,9.02,9.09,8.91,8.93,8246574.00,74238072.00
2019/04/12,8.91,9.01,8.85,8.93,5501087.00,48997540.00
2019/04/15,9.00,9.12,8.94,8.95,7528274.00,67970056.00
2019/04/16,8.98,9.38,8.94,9.36,18021132.00,165881184.00
2019/04/17,9.45,10.30,9.41,10.30,27693152.00,273591584.00
2019/04/18,11.00,11.33,10.44,10.83,68231040.00,740397248.00
2019/04/19,10.52,10.73,10.03,10.24,28939096.00,299121536.00
2019/04/22,10.25,10.56,9.92,10.47,20194102.00,206954496.00
2019/04/23,10.34,10.36,9.90,10.15,15999933.00,162169520.00
2019/04/24,10.30,10.39,9.92,9.96,18358740.00,186830832.00
2019/04/25,9.90,9.92,9.44,9.80,27307912.00,264194704.00
2019/04/26,9.85,10.25,9.75,9.76,21787756.00,217642464.00
2019/04/29,9.62,9.81,8.78,9.45,19312496.00,176703648.00
2019/04/30,9.39,9.50,9.04,9.15,12335541.00,113302240.00
2019/05/06,9.06,9.06,8.24,8.90,13769165.00,117732912.00
2019/05/07,8.70,8.84,8.50,8.70,8713180.00,75370424.00
2019/05/08,8.50,8.68,8.37,8.56,6325185.00,54094120.00
2019/05/09,8.52,8.59,8.37,8.47,8358101.00,70744424.00
2019/05/10,8.51,8.69,8.30,8.59,10940509.00,93657200.00
2019/05/13,8.56,8.56,8.38,8.45,5239111.00,44221212.00
2019/05/14,8.34,8.48,8.10,8.46,7871310.00,65352412.00
2019/05/15,8.46,8.58,8.35,8.49,7733867.00,65479396.00
2019/05/16,8.49,8.52,8.38,8.50,9906964.00,83632512.00
2019/05/17,8.52,8.52,8.25,8.51,11525346.00,96797008.00
2019/05/20,8.42,8.59,8.21,8.59,6775178.00,57266276.00
2019/05/21,8.53,9.40,8.51,9.00,12743814.00,113645200.00
2019/05/22,9.01,9.88,9.00,9.37,33596620.00,312892096.00
2019/05/23,9.05,9.20,8.63,8.69,15698889.00,139800656.00
2019/05/24,8.57,9.38,7.82,7.82,39934108.00,335586496.00
2019/05/27,7.16,7.81,7.15,7.50,15579810.00,116361952.00
2019/05/28,7.50,7.71,7.48,7.58,7845622.00,59530712.00
2019/05/29,7.57,7.69,7.45,7.53,7636545.00,57816488.00
2019/05/30,7.53,7.53,7.25,7.42,7023307.00,51805616.00
2019/05/31,7.42,7.47,7.26,7.38,5984515.00,44085760.00
2019/06/03,7.41,8.12,6.93,7.25,26770224.00,195971168.00
2019/06/04,7.03,7.21,6.81,7.14,10000234.00,69889240.00
2019/06/05,7.11,7.20,6.97,7.05,9028110.00,63970528.00
2019/06/06,7.07,7.08,6.83,6.89,6242696.00,43100452.00
2019/06/10,6.81,7.05,6.81,7.00,4259263.00,29538700.00
2019/06/11,7.02,7.21,6.96,7.17,6807852.00,48439828.00
2019/06/12,7.14,7.20,7.04,7.09,4690131.00,33336466.00
2019/06/13,7.08,7.17,7.00,7.13,3926643.00,27838722.00
2019/06/14,7.16,7.17,6.91,7.04,5391572.00,37896060.00
2019/06/17,6.99,7.37,6.96,7.11,7092757.00,50580516.00
2019/06/18,7.11,7.25,7.04,7.13,4945600.00,35159636.00
2019/06/19,7.29,7.37,7.17,7.20,8858620.00,64158328.00
2019/06/20,7.18,7.33,7.17,7.27,7762992.00,56299860.00
2019/06/21,7.35,7.58,7.28,7.58,15162887.00,112696528.00
2019/06/24,7.65,7.65,7.40,7.44,8092762.00,60709788.00
2019/06/25,7.52,7.52,7.22,7.31,6504358.00,47535088.00
2019/06/26,7.28,7.38,7.22,7.31,4416679.00,32256414.00
2019/06/27,7.26,7.39,7.26,7.32,6085840.00,44583212.00
2019/06/28,7.32,7.33,7.12,7.25,6150934.00,44327520.00
2019/07/01,7.33,7.45,7.28,7.40,9737100.00,71884528.00
2019/07/02,7.35,7.44,7.29,7.30,6482922.00,47544520.00
2019/07/03,7.29,7.30,7.14,7.16,5623275.00,40441176.00
2019/07/04,7.17,7.22,7.13,7.17,4120080.00,29510934.00
2019/07/05,7.18,7.24,7.16,7.19,4672719.00,33631340.00
2019/07/08,7.19,7.20,7.00,7.10,5876722.00,41586348.00
2019/07/09,7.13,7.13,7.03,7.10,3676363.00,25989298.00
2019/07/10,7.09,7.10,7.01,7.02,3183044.00,22413794.00
2019/07/11,7.02,7.10,7.01,7.02,3833040.00,27020006.00
2019/07/12,7.02,7.06,6.98,7.00,3114607.00,21828458.00
2019/07/15,6.94,6.99,6.82,6.90,4389163.00,30239282.00
2019/07/16,6.88,6.91,6.81,6.84,6675159.00,45663800.00
2019/07/17,6.84,6.88,6.80,6.81,5301180.00,36208504.00
2019/07/18,6.80,6.81,6.60,6.65,7578280.00,50448008.00
2019/07/19,6.61,6.72,6.61,6.64,5207944.00,34652648.00
2019/07/22,6.65,6.66,6.38,6.45,5284646.00,34203148.00
2019/07/23,6.42,6.60,6.41,6.52,3738611.00,24392616.00
2019/07/24,6.54,6.67,6.52,6.64,5130677.00,33916004.00
2019/07/25,6.64,6.72,6.59,6.69,6669029.00,44438976.00
2019/07/26,6.65,6.73,6.60,6.68,3737827.00,24944658.00
2019/07/29,6.68,6.75,6.65,6.72,4444334.00,29816156.00
2019/07/30,6.70,6.77,6.69,6.75,7280891.00,48960600.00
2019/07/31,6.71,6.73,6.60,6.64,5798854.00,38556192.00
2019/08/01,6.60,6.62,6.53,6.53,5455501.00,35833664.00
2019/08/02,6.47,6.51,6.39,6.41,4033202.00,25988506.00
2019/08/05,6.36,6.53,6.36,6.50,6792726.00,43697308.00
2019/08/06,6.42,6.44,6.26,6.43,6682758.00,42527672.00
2019/08/07,6.43,6.56,6.43,6.46,5234350.00,34037364.00
2019/08/08,6.46,6.47,6.32,6.41,5917761.00,37793484.00
2019/08/09,6.40,6.52,6.36,6.51,7295928.00,46937216.00
2019/08/12,6.49,6.61,6.47,6.60,5390450.00,35220892.00
2019/08/13,6.55,6.65,6.50,6.56,3559228.00,23405562.00
2019/08/14,6.61,6.67,6.56,6.59,3829238.00,25340442.00
2019/08/15,6.50,6.66,6.39,6.51,9117597.00,59033920.00
2019/08/16,6.50,6.60,6.41,6.55,10873900.00,70855648.00
2019/08/19,6.56,6.77,6.51,6.75,11099660.00,73887008.00
2019/08/20,6.75,6.84,6.64,6.76,11782492.00,79548336.00
2019/08/21,6.72,7.21,6.65,7.08,15055807.00,104429528.00
2019/08/22,7.04,7.16,6.90,7.05,10730678.00,75287200.00
2019/08/23,7.05,7.13,6.97,7.10,8765544.00,62090444.00
2019/08/26,7.00,7.05,6.81,6.88,7747629.00,53546316.00
2019/08/27,6.89,7.12,6.88,7.07,10208309.00,71466272.00
2019/08/28,7.00,7.14,6.90,7.08,13741777.00,96461216.00
2019/08/29,7.02,7.49,6.95,7.30,20435484.00,146596224.00
2019/08/30,7.24,7.47,7.13,7.40,15402883.00,112520872.00
2019/09/02,7.36,7.51,7.20,7.28,19939808.00,146763216.00
2019/09/03,7.22,7.22,6.94,7.01,14719562.00,103980768.00
2019/09/04,6.99,7.03,6.80,6.87,20473904.00,141020272.00
2019/09/05,6.88,7.07,6.86,6.92,31226654.00,217310608.00
2019/09/06,6.85,7.00,6.68,6.76,25239604.00,171401248.00
2019/09/09,6.80,6.89,6.69,6.88,21453144.00,145283792.00
2019/09/10,6.85,6.94,6.77,6.92,15594166.00,106764848.00
2019/09/11,6.90,6.96,6.76,6.78,16351165.00,111941880.00
2019/09/12,6.79,6.82,6.60,6.65,16630170.00,110857808.00
2019/09/16,6.68,6.74,6.65,6.69,8145491.00,54486028.00
2019/09/17,6.69,6.70,6.46,6.50,10101260.00,66172068.00
2019/09/18,6.52,6.57,6.51,6.54,5172537.00,33838672.00
2019/09/19,6.54,6.67,6.54,6.66,7152470.00,47212900.00
2019/09/20,6.70,6.70,6.57,6.60,6630357.00,43951248.00
2019/09/23,6.55,6.58,6.40,6.46,7526965.00,48556012.00
2019/09/24,6.48,6.54,6.44,6.50,5043367.00,32783750.00
2019/09/25,6.45,6.47,6.32,6.32,7010322.00,44683120.00
2019/09/26,6.33,6.36,6.07,6.07,7583245.00,46982076.00
2019/09/27,6.06,6.20,6.06,6.17,4480721.00,27598012.00
2019/09/30,6.17,6.19,6.08,6.08,3823981.00,23390572.00
2019/10/08,6.10,6.13,6.08,6.08,2803009.00,17099404.00
2019/10/09,6.06,6.12,5.93,6.12,3951821.00,23863780.00
2019/10/10,6.14,6.19,6.10,6.12,4751721.00,29156820.00
2019/10/11,6.12,6.14,6.07,6.08,3631949.00,22173870.00
2019/10/14,6.13,6.22,6.12,6.20,5101021.00,31559108.00
2019/10/15,6.17,6.18,6.03,6.04,5292000.00,32189678.00
2019/10/16,6.06,6.09,5.95,5.96,4029686.00,24219464.00
2019/10/17,5.93,5.97,5.88,5.97,3500988.00,20780232.00
2019/10/18,5.98,5.98,5.83,5.83,4653164.00,27424194.00
2019/10/21,5.86,5.88,5.71,5.75,4040039.00,23236256.00
2019/10/22,5.75,5.81,5.74,5.80,3102901.00,17912396.00
2019/10/23,5.80,5.80,5.72,5.74,3252078.00,18690566.00
2019/10/24,5.72,5.87,5.66,5.86,6426512.00,37192452.00
2019/10/25,5.86,5.90,5.80,5.90,4919953.00,28839352.00
2019/10/28,5.87,6.00,5.81,6.00,7528545.00,44619352.00
2019/10/29,6.36,6.45,5.80,5.80,13347625.00,80922568.00
2019/10/30,5.70,5.70,5.40,5.47,9447755.00,52275184.00
2019/10/31,5.49,5.49,5.25,5.26,6238747.00,33539012.00
2019/11/01,5.28,5.41,5.28,5.37,4011716.00,21472020.00
2019/11/04,5.37,5.41,5.23,5.26,5044694.00,26805534.00
2019/11/05,5.27,5.30,5.15,5.19,5315937.00,27704726.00
2019/11/06,5.17,5.21,5.02,5.05,6208559.00,31698472.00
2019/11/07,5.05,5.13,5.01,5.10,4774613.00,24317060.00
2019/11/08,5.18,5.18,5.02,5.03,5725965.00,29151502.00
2019/11/11,5.02,5.02,4.80,4.82,6965440.00,33992708.00
2019/11/12,4.83,4.93,4.78,4.92,5767053.00,28025516.00
2019/11/13,4.89,4.93,4.84,4.88,3429069.00,16762814.00
2019/11/14,4.86,4.94,4.85,4.91,3783807.00,18519982.00
2019/11/15,4.89,4.92,4.79,4.79,3872834.00,18830030.00
2019/11/18,4.82,4.94,4.80,4.89,3965609.00,19360266.00
2019/11/19,4.87,5.05,4.87,5.02,5263857.00,26260952.00
2019/11/20,5.01,5.10,4.96,4.98,4382418.00,21978524.00
2019/11/21,5.00,5.08,4.95,5.04,4908305.00,24736448.00
2019/11/22,5.03,5.18,5.03,5.05,7118711.00,36257400.00
2019/11/25,5.08,5.14,4.98,5.04,4108203.00,20670996.00
2019/11/26,5.08,5.08,4.96,4.98,3843742.00,19303670.00
2019/11/27,4.93,5.07,4.93,5.02,4295923.00,21526014.00
2019/11/28,5.00,5.05,4.97,5.00,3043828.00,15244810.00
2019/11/29,4.98,5.03,4.91,5.01,3399597.00,16907376.00
2019/12/02,5.01,5.04,4.93,4.95,3422845.00,17040692.00
2019/12/03,4.96,5.07,4.91,5.06,5808215.00,29098716.00
2019/12/04,5.03,5.09,5.02,5.08,4915420.00,24885750.00
2019/12/05,5.07,5.10,5.04,5.07,4253573.00,21556976.00
2019/12/06,5.04,5.06,4.98,5.05,5108127.00,25611306.00
2019/12/09,5.05,5.46,5.05,5.18,13597164.00,71035544.00
2019/12/10,5.11,5.13,5.06,5.10,8193639.00,41676900.00
2019/12/11,5.15,5.20,5.09,5.10,6366828.00,32685004.00
2019/12/12,5.12,5.13,5.04,5.07,4880342.00,24754870.00
2019/12/13,5.10,5.11,5.06,5.08,5795598.00,29457682.00
2019/12/16,5.09,5.15,5.04,5.15,7049250.00,35957020.00
2019/12/17,5.12,5.27,5.12,5.25,8656760.00,45122920.00
2019/12/18,5.23,5.30,5.22,5.25,7987545.00,42006712.00
2019/12/19,5.26,5.34,5.24,5.33,8178581.00,43256744.00
2019/12/20,5.33,5.36,5.22,5.26,6169257.00,32649040.00
2019/12/23,5.26,5.27,5.08,5.12,7857790.00,40464688.00
2019/12/24,5.15,5.52,5.10,5.26,17023148.00,89531280.00
2019/12/25,5.26,5.29,5.13,5.16,16521536.00,85782936.00
2019/12/26,5.18,5.19,4.99,5.07,18493064.00,93426240.00
2019/12/27,5.06,5.09,5.00,5.03,10167949.00,51307512.00
2019/12/30,4.97,5.02,4.87,5.01,8268002.00,40921080.00
2019/12/31,5.01,5.03,4.96,4.99,4914816.00,24569014.00
2020/01/02,5.04,5.15,5.02,5.14,10312615.00,52572968.00
2020/01/03,5.15,5.24,5.12,5.22,11108806.00,57595376.00
2020/01/06,5.20,5.32,5.17,5.29,13519816.00,71178968.00
2020/01/07,5.35,5.36,5.29,5.35,10847487.00,57790848.00
2020/01/08,5.35,5.50,5.30,5.30,20382516.00,109999288.00
2020/01/09,5.36,5.43,5.31,5.37,9839819.00,52754740.00
2020/01/10,5.43,5.47,5.30,5.32,11212475.00,60189072.00
2020/01/13,5.32,5.40,5.27,5.36,10150883.00,54237652.00
2020/01/14,5.40,5.41,5.31,5.33,8031634.00,43010716.00
2020/01/15,5.32,5.33,5.19,5.23,7565211.00,39626428.00
2020/01/16,5.25,5.25,5.10,5.12,7540456.00,38957708.00
2020/01/17,5.13,5.15,5.03,5.08,6755712.00,34442744.00
2020/01/20,5.08,5.11,5.04,5.10,5485463.00,27834046.00
2020/01/21,4.59,4.59,4.59,4.59,2127900.00,9767061.00
2020/01/22,4.19,4.35,4.19,4.29,34781136.00,147872832.00
2020/01/23,4.20,4.32,4.15,4.24,23438536.00,99353840.00
2020/02/03,3.82,3.89,3.82,3.82,9673176.00,37058028.00
2020/02/04,3.71,3.93,3.71,3.87,15007350.00,57467312.00
2020/02/05,3.92,4.03,3.86,3.94,12899356.00,50954316.00
2020/02/06,3.96,4.02,3.83,3.98,12907952.00,50855684.00
2020/02/07,3.97,4.10,3.95,4.03,12897866.00,51822820.00
2020/02/10,4.02,4.18,3.98,4.13,10274942.00,42138816.00
2020/02/11,4.09,4.22,4.09,4.22,12460129.00,51892624.00
2020/02/12,4.20,4.31,4.17,4.30,10856155.00,46194660.00
2020/02/13,4.29,4.38,4.22,4.24,11640513.00,49910372.00
2020/02/14,4.28,4.35,4.15,4.20,10140322.00,43090628.00
2020/02/17,4.20,4.37,4.20,4.37,13152704.00,56633788.00
2020/02/18,4.39,4.51,4.36,4.50,11727696.00,51853740.00
2020/02/19,4.47,4.55,4.42,4.46,9200845.00,41170172.00
2020/02/20,4.46,4.57,4.43,4.53,10518303.00,47446944.00
2020/02/21,4.54,4.60,4.49,4.56,11258120.00,51217608.00
2020/02/24,4.57,4.57,4.41,4.51,11004493.00,49406192.00
2020/02/25,4.41,4.47,4.27,4.43,12484843.00,54708308.00
2020/02/26,4.42,4.56,4.36,4.41,13420444.00,59913524.00
2020/02/27,4.44,4.56,4.38,4.53,10287863.00,46041388.00
2020/02/28,4.51,4.51,4.15,4.15,19717652.00,84608384.00
2020/03/02,4.20,4.37,4.20,4.35,9366218.00,40323224.00
2020/03/03,4.40,4.53,4.38,4.45,13447385.00,60045448.00
2020/03/04,4.42,4.55,4.39,4.50,10793043.00,48179516.00
2020/03/05,4.56,4.87,4.54,4.65,24901870.00,116796880.00
2020/03/06,4.60,5.00,4.56,4.77,23688834.00,113341176.00
2020/03/09,4.70,5.05,4.70,4.83,31446756.00,154017600.00
2020/03/10,4.75,5.10,4.36,5.08,35491448.00,169992432.00
2020/03/11,5.04,5.23,4.86,4.91,34626112.00,173969328.00
2020/03/12,4.86,5.40,4.85,5.40,31441000.00,166664064.00
2020/03/13,5.59,5.94,5.48,5.94,61233040.00,347927616.00
2020/03/16,6.30,6.53,5.35,5.35,106035576.00,647271360.00
2020/03/17,4.90,5.50,4.82,5.15,69677776.00,351088256.00
2020/03/18,5.03,5.09,4.75,4.75,47099732.00,232485968.00
2020/03/19,4.60,4.75,4.41,4.61,34386964.00,156607728.00
2020/03/20,4.68,4.71,4.52,4.59,24225426.00,111709944.00
2020/03/23,4.36,4.49,4.18,4.19,23383300.00,101719592.00
2020/03/24,4.31,4.39,4.15,4.34,21117540.00,90501096.00
2020/03/25,4.42,4.51,4.36,4.44,19265616.00,85329712.00
2020/03/26,4.41,4.43,4.26,4.29,14733042.00,63795924.00
2020/03/27,4.36,4.41,4.21,4.22,12265556.00,52820116.00
2020/03/30,4.12,4.17,3.97,4.11,15615638.00,63458884.00
2020/03/31,4.15,4.17,4.01,4.02,10448680.00,42573912.00
2020/04/01,4.11,4.21,4.04,4.06,11885579.00,48938556.00
2020/04/02,4.05,4.21,4.03,4.20,11830792.00,48756484.00
2020/04/03,4.25,4.25,4.11,4.12,9338721.00,38816108.00
2020/04/07,4.21,4.28,4.17,4.28,10657196.00,45079508.00
2020/04/08,4.25,4.32,4.22,4.30,9864781.00,42207972.00
2020/04/09,4.31,4.37,4.27,4.32,10524495.00,45511536.00
2020/04/10,4.30,4.30,4.12,4.14,11316374.00,47510492.00
2020/04/13,4.12,4.13,4.02,4.03,6249006.00,25402272.00
2020/04/14,4.08,4.15,4.03,4.14,6260625.00,25731316.00
2020/04/15,4.20,4.26,4.15,4.16,9011305.00,37748980.00
2020/04/16,4.12,4.35,4.11,4.28,14543582.00,61972800.00
2020/04/17,4.28,4.34,4.18,4.19,12629613.00,53578596.00
2020/04/20,4.18,4.19,4.12,4.17,7277771.00,30211446.00
2020/04/21,4.19,4.33,4.06,4.23,12641336.00,52502908.00
2020/04/22,4.18,4.53,4.12,4.40,25417636.00,111051376.00
2020/04/23,4.37,4.39,4.20,4.22,16619146.00,71231496.00
2020/04/24,4.20,4.25,4.11,4.12,9469188.00,39394084.00
2020/04/27,4.12,4.17,4.02,4.02,8602863.00,35185152.00
2020/04/28,3.99,4.01,3.72,3.83,12487702.00,47993284.00
2020/04/29,3.86,4.04,3.81,3.92,10456745.00,41338904.00
2020/04/30,3.92,4.04,3.92,4.02,7105086.00,28456658.00
2020/05/06,3.99,4.12,3.95,4.10,5968157.00,24260610.00
2020/05/07,4.13,4.13,4.04,4.04,5893480.00,24050434.00
2020/05/08,4.08,4.11,4.03,4.05,6104996.00,24829398.00
2020/05/11,4.07,4.32,3.98,4.19,20167416.00,83729048.00
2020/05/12,4.13,4.16,4.01,4.05,12055116.00,49013768.00
2020/05/13,4.03,4.07,3.99,4.06,5383904.00,21740366.00
2020/05/14,4.03,4.03,3.95,3.95,5802758.00,23162442.00
2020/05/15,3.98,3.99,3.92,3.92,5178962.00,20447958.00
2020/05/18,3.93,3.96,3.90,3.91,3914398.00,15362978.00
2020/05/19,3.89,3.90,3.82,3.84,8379578.00,32295878.00
2020/05/20,3.85,4.05,3.74,3.96,13706135.00,53261628.00
2020/05/21,3.90,3.98,3.84,3.86,8685909.00,33773752.00
2020/05/22,3.88,3.88,3.76,3.76,4130056.00,15706533.00
2020/05/25,3.72,3.75,3.68,3.70,3473300.00,12898167.00
2020/05/26,3.74,3.82,3.72,3.77,3500449.00,13174864.00
2020/05/27,3.79,3.81,3.75,3.77,2619257.00,9900386.00
2020/05/28,3.77,3.81,3.70,3.75,3384575.00,12695749.00
2020/05/29,3.75,3.81,3.72,3.77,3594077.00,13636789.00
2020/06/01,3.78,3.90,3.77,3.89,4606081.00,17730392.00
2020/06/02,3.89,3.97,3.87,3.94,4559449.00,17937482.00
2020/06/03,3.95,3.98,3.90,3.92,4332542.00,17062946.00
2020/06/04,3.98,3.98,3.90,3.94,3677798.00,14441190.00
2020/06/05,3.90,4.02,3.88,3.96,7383564.00,29271494.00
2020/06/08,3.96,4.01,3.92,3.92,4200661.00,16604492.00
2020/06/09,3.92,3.96,3.91,3.95,3632404.00,14305423.00
2020/06/10,3.98,3.98,3.90,3.90,3566005.00,13981015.00
2020/06/11,3.94,3.98,3.90,3.90,4616434.00,18153656.00
2020/06/12,3.85,3.87,3.78,3.83,4948386.00,18920424.00
2020/06/15,3.83,3.88,3.79,3.80,5144910.00,19736168.00
2020/06/16,3.84,3.87,3.82,3.86,3872255.00,14873436.00
2020/06/17,3.86,3.87,3.80,3.85,4201342.00,16109756.00
2020/06/18,3.84,3.88,3.81,3.87,4834267.00,18596506.00
2020/06/19,3.86,3.87,3.83,3.84,3766953.00,14482928.00
2020/06/22,3.84,3.91,3.82,3.84,4378799.00,16939016.00
2020/06/23,3.86,3.86,3.77,3.77,4777013.00,18178090.00
2020/06/24,3.79,3.79,3.73,3.74,3198160.00,12008439.00
2020/06/29,3.76,3.76,3.68,3.70,3316997.00,12312629.00
2020/06/30,3.72,3.76,3.71,3.73,3260586.00,12180741.00
2020/07/01,3.72,3.76,3.72,3.75,3463108.00,12958204.00
2020/07/02,3.75,3.86,3.74,3.85,7236373.00,27622032.00
2020/07/03,3.86,3.95,3.85,3.95,8166193.00,31848276.00
2020/07/06,3.94,4.12,3.94,4.12,13654434.00,55567240.00
2020/07/07,4.14,4.23,4.03,4.09,11675519.00,48039744.00
2020/07/08,4.09,4.14,4.05,4.13,9681357.00,39680444.00
2020/07/09,4.13,4.27,4.09,4.26,12622145.00,52930172.00
2020/07/10,4.24,4.29,4.14,4.16,10484969.00,44139780.00
2020/07/13,4.19,4.27,4.15,4.26,10868592.00,46002992.00
2020/07/14,4.28,4.37,4.17,4.27,12629654.00,53976268.00
2020/07/15,4.28,4.31,4.09,4.11,10987635.00,45946540.00
2020/07/16,4.13,4.18,3.97,3.98,9244522.00,37672232.00
2020/07/17,3.97,4.09,3.87,3.95,9388823.00,36979920.00
2020/07/20,3.95,4.18,3.93,4.11,10817953.00,44196544.00
2020/07/21,4.10,4.20,4.08,4.15,5847100.00,24138192.00
2020/07/22,4.14,4.19,4.09,4.10,6313054.00,26093934.00
2020/07/23,4.11,4.14,3.96,4.03,7137663.00,28894478.00
2020/07/24,4.04,4.10,3.90,3.91,7730484.00,30906206.00
2020/07/27,3.90,4.13,3.83,4.07,10167834.00,40224080.00
2020/07/28,4.08,4.12,3.92,3.97,11774300.00,47378296.00
2020/07/29,3.93,4.01,3.88,4.00,7955275.00,31448214.00
2020/07/30,3.99,4.07,3.97,4.00,6824840.00,27429346.00
2020/07/31,3.99,4.08,3.97,4.07,7994212.00,32337392.00
2020/08/03,4.10,4.20,4.08,4.20,10044181.00,41805512.00
2020/08/04,4.20,4.23,4.12,4.15,9006530.00,37486648.00
2020/08/05,4.17,4.29,4.11,4.27,12020231.00,50851164.00
2020/08/06,4.28,4.28,4.16,4.22,6972610.00,29418834.00
2020/08/07,4.20,4.25,4.11,4.15,6919812.00,28801366.00
2020/08/10,4.14,4.27,4.12,4.26,8341626.00,35318240.00
2020/08/11,4.24,4.28,4.11,4.12,7736848.00,32418898.00
2020/08/12,4.11,4.18,4.02,4.17,6753417.00,27601740.00
2020/08/13,4.19,4.59,4.17,4.59,23005554.00,104464848.00
2020/08/14,4.59,4.74,4.35,4.39,43655280.00,196681312.00
2020/08/17,4.40,4.47,4.36,4.43,18697448.00,82645536.00
2020/08/18,4.44,4.87,4.40,4.71,46122292.00,216401776.00
2020/08/19,4.68,4.77,4.52,4.54,27599016.00,127966336.00
2020/08/20,4.48,4.65,4.37,4.42,15011678.00,67589928.00
2020/08/21,4.46,4.63,4.43,4.63,15977618.00,72516736.00
2020/08/24,4.66,4.99,4.42,4.78,28209048.00,132673336.00
2020/08/25,4.74,5.14,4.67,4.99,34675856.00,172194480.00
2020/08/26,5.01,5.33,4.78,4.87,36243512.00,183769776.00
2020/08/27,4.82,5.79,4.81,5.47,48137452.00,251510096.00
2020/08/28,5.25,5.49,5.08,5.18,37791192.00,197915184.00
2020/08/31,5.15,5.35,4.97,5.26,28657336.00,147779008.00
2020/09/01,5.20,5.72,5.07,5.54,38560816.00,206514832.00
2020/09/02,5.45,6.29,5.45,5.84,57450492.00,336560736.00
2020/09/03,5.76,6.15,5.60,6.15,43613548.00,255013280.00
2020/09/04,5.97,7.38,5.85,7.08,89826656.00,625395328.00
2020/09/07,6.81,7.35,6.63,7.07,84786408.00,592519808.00
2020/09/08,6.90,6.97,6.38,6.82,64427272.00,435389728.00
2020/09/09,6.71,6.77,5.53,5.73,60878132.00,386940736.00
2020/09/10,5.64,5.78,4.66,4.72,49878920.00,255830016.00
2020/09/11,4.66,5.36,4.60,5.16,42713520.00,214426704.00
2020/09/14,5.26,5.64,5.24,5.55,37158712.00,202982128.00
2020/09/15,5.59,5.68,5.28,5.37,32810918.00,179391040.00
2020/09/16,5.43,5.66,5.13,5.40,28858176.00,157325504.00
2020/09/17,5.40,5.65,5.21,5.53,31962220.00,174060176.00
2020/09/18,5.43,5.55,5.35,5.41,21044688.00,114420632.00
2020/09/21,5.40,5.63,5.36,5.57,27903120.00,153079840.00
2020/09/22,5.45,5.54,5.30,5.36,21886070.00,118656496.00
2020/09/23,5.45,5.49,5.33,5.42,16135497.00,87010776.00
2020/09/24,5.35,5.37,5.03,5.06,21097142.00,109569400.00
2020/09/25,5.12,5.45,5.03,5.07,16813156.00,87327048.00
2020/09/28,5.05,5.13,4.90,4.96,13166828.00,65913380.00
2020/09/29,4.99,5.12,4.94,5.03,10011153.00,50574624.00
2020/09/30,5.08,5.37,4.97,5.18,20859636.00,108422032.00
2020/10/09,5.39,5.53,5.31,5.43,24571968.00,133254888.00
2020/10/12,5.55,6.05,5.44,5.90,39421808.00,227972336.00
2020/10/13,5.79,6.28,5.79,6.08,43056696.00,260937072.00
2020/10/14,5.98,6.50,5.87,6.20,45052104.00,275768512.00
2020/10/15,6.16,6.26,5.97,6.12,35790284.00,217802992.00
2020/10/16,5.89,6.13,5.81,6.02,26751198.00,159948048.00
2020/10/19,6.02,6.58,5.91,6.41,50166796.00,316834304.00
2020/10/20,6.38,6.55,6.20,6.48,32359906.00,206261136.00
2020/10/21,6.46,6.46,6.10,6.10,29544072.00,184072448.00
2020/10/22,6.08,6.39,5.98,6.22,20669320.00,127749120.00
2020/10/23,6.23,7.35,6.17,6.69,80965832.00,552306240.00
2020/10/26,6.89,8.03,6.88,8.03,89748904.00,690382912.00
2020/10/27,8.45,9.50,8.30,8.63,170892880.00,1517794176.00
2020/10/28,8.21,9.49,7.91,8.87,151143632.00,1290225408.00
2020/10/29,8.00,8.22,7.33,7.60,119639600.00,937050176.00
2020/10/30,7.55,7.89,7.28,7.33,80720528.00,610280000.00
2020/11/02,7.31,7.69,6.98,7.42,64422492.00,474402176.00
2020/11/03,7.44,7.97,7.24,7.69,75773656.00,577873088.00
2020/11/04,7.63,7.89,7.20,7.28,59375244.00,442439168.00
2020/11/05,7.32,7.77,7.24,7.58,63858232.00,481728128.00
2020/11/06,7.64,7.67,7.01,7.03,52526500.00,379161024.00
2020/11/09,7.05,7.43,7.03,7.34,50291448.00,365031968.00
2020/11/10,7.20,7.27,6.65,6.69,56198360.00,384570688.00
2020/11/11,6.78,6.82,6.31,6.32,37674296.00,243568752.00
2020/11/12,6.37,6.40,6.10,6.21,27131332.00,168950336.00
2020/11/13,6.29,6.29,6.11,6.19,22241352.00,137545328.00
2020/11/16,6.19,6.22,6.04,6.09,20423670.00,124828744.00
2020/11/17,6.12,6.15,5.85,5.94,25639030.00,152674112.00
2020/11/18,5.94,6.09,5.93,6.05,23024080.00,138498560.00
2020/11/19,6.05,6.34,5.88,6.25,42379128.00,260619120.00
2020/11/20,6.19,6.59,6.17,6.43,48694296.00,311443840.00
2020/11/23,6.32,6.39,6.11,6.18,32231656.00,199605824.00
2020/11/24,6.30,7.38,6.30,7.34,102464768.00,729676160.00
2020/11/25,7.01,7.27,6.81,6.95,80500480.00,569341440.00
2020/11/26,6.83,7.44,6.72,7.15,74353328.00,529470112.00
2020/11/27,7.00,7.38,6.92,6.98,57650560.00,411188192.00
2020/11/30,6.88,6.97,6.31,6.65,49133304.00,329955584.00
2020/12/01,6.69,7.25,6.53,7.12,65513472.00,457610464.00
2020/12/02,7.12,7.18,6.80,6.82,46793244.00,322772352.00
2020/12/03,6.87,6.87,6.45,6.54,35358088.00,233394096.00
2020/12/04,6.56,6.58,6.25,6.30,33544632.00,213950208.00
2020/12/07,6.28,6.33,6.07,6.11,31135480.00,191757568.00
2020/12/08,6.05,6.29,6.00,6.24,32576352.00,201375616.00
2020/12/09,6.20,6.28,5.94,5.94,27297376.00,165708544.00
2020/12/10,5.93,6.14,5.74,6.04,25905176.00,154541840.00
2020/12/11,6.08,6.08,5.78,5.92,20787808.00,122577600.00
2020/12/14,5.88,6.16,5.81,6.06,22142656.00,133671208.00
2020/12/15,6.02,6.14,5.94,5.95,17798620.00,106928512.00
2020/12/16,5.95,5.97,5.60,5.66,23250830.00,134121360.00
2020/12/17,5.65,5.80,5.49,5.76,20888628.00,118350392.00
2020/12/18,5.74,6.04,5.73,5.93,25254208.00,149308800.00
2020/12/21,6.20,6.29,6.01,6.09,30468886.00,186716912.00
2020/12/22,6.17,6.19,5.85,5.88,25498232.00,153321472.00
2020/12/23,5.82,6.23,5.78,5.99,25438404.00,153594288.00
2020/12/24,6.09,6.10,5.74,5.75,19972220.00,118047976.00
2020/12/25,5.72,5.86,5.70,5.71,15471200.00,89418960.00
2020/12/28,5.72,5.76,5.33,5.45,27071592.00,148905600.00
2020/12/29,5.46,5.53,5.37,5.39,15953521.00,86730600.00
2020/12/30,5.36,5.44,5.28,5.30,16153310.00,86547672.00
2020/12/31,5.29,5.43,5.29,5.37,14820928.00,79316936.00
2021/01/04,5.33,5.57,5.33,5.46,20299556.00,110813472.00
2021/01/05,5.41,5.50,5.20,5.26,22788414.00,120776256.00
2021/01/06,5.22,5.25,4.96,5.02,23099680.00,116777208.00
2021/01/07,5.00,5.02,4.65,4.73,23432362.00,112593224.00
2021/01/08,4.75,4.89,4.55,4.76,19056432.00,90669728.00
2021/01/11,4.72,4.78,4.58,4.58,14071404.00,65443792.00
2021/01/12,4.58,4.77,4.48,4.57,13824998.00,64105136.00
2021/01/13,4.62,4.65,4.37,4.40,15872893.00,70630736.00
2021/01/14,4.41,4.54,4.35,4.46,13970277.00,62199644.00
2021/01/15,4.46,4.74,4.42,4.70,18412398.00,85764040.00
2021/01/18,4.70,4.98,4.65,4.97,18294552.00,89103648.00
2021/01/19,4.96,5.25,4.89,5.14,23636280.00,119966224.00
2021/01/20,5.15,5.18,5.02,5.16,15197981.00,77705464.00
2021/01/21,5.08,5.25,5.08,5.11,13392845.00,69236016.00
2021/01/22,5.13,5.87,5.13,5.37,32317872.00,178988560.00
2021/01/25,5.16,5.61,5.05,5.11,25333472.00,133354504.00
2021/01/26,5.03,5.34,4.95,5.19,21294862.00,110782488.00
2021/01/27,5.15,5.19,4.97,5.04,14504584.00,73429048.00
2021/01/28,4.97,5.28,4.96,5.03,16713167.00,86086488.00
2021/01/29,5.02,5.14,4.70,4.77,15275880.00,73982920.00
2021/02/01,4.78,5.02,4.78,4.92,10373822.00,50835064.00
2021/02/02,4.91,4.96,4.76,4.82,9422147.00,45375800.00
2021/02/03,4.81,4.82,4.60,4.61,9531526.00,44649036.00
2021/02/04,4.54,4.68,4.44,4.54,9456591.00,42863312.00
2021/02/05,4.54,4.65,4.44,4.44,6640726.00,29864808.00
2021/02/08,4.45,4.50,4.33,4.40,7176389.00,31512240.00
2021/02/09,4.41,4.61,4.40,4.56,9364200.00,42277344.00
2021/02/10,4.52,4.66,4.44,4.50,8610349.00,38804720.00
2021/02/18,4.58,4.75,4.53,4.69,13441199.00,62745852.00
2021/02/19,4.70,4.99,4.68,4.92,12420742.00,59834540.00
2021/02/22,4.90,5.13,4.86,4.94,15007571.00,75344424.00
2021/02/23,4.93,5.03,4.79,4.85,10096390.00,49241880.00
2021/02/24,4.84,5.02,4.83,4.94,12457860.00,61567968.00
2021/02/25,4.95,4.98,4.80,4.85,11347777.00,55200080.00
2021/02/26,4.82,5.00,4.74,4.89,13281830.00,65040236.00
2021/03/01,4.94,5.07,4.91,5.05,12047467.00,60444364.00
2021/03/02,5.07,5.30,4.96,5.09,23226380.00,119204112.00
2021/03/03,5.09,5.18,4.99,5.04,14782395.00,74357160.00
2021/03/04,5.04,5.06,4.92,4.95,11649250.00,57929956.00
2021/03/05,4.93,5.12,4.91,5.08,15284360.00,77115120.00
2021/03/08,5.09,5.23,5.02,5.03,15157036.00,77905488.00
2021/03/09,5.03,5.09,4.76,4.89,13667220.00,67168624.00
2021/03/10,4.91,4.96,4.62,4.68,13455120.00,63678320.00
2021/03/11,4.66,4.87,4.57,4.86,12212202.00,57819232.00
2021/03/12,4.83,4.97,4.82,4.90,11716372.00,57390072.00
2021/03/15,4.87,4.94,4.75,4.80,9847801.00,47471376.00
2021/03/16,4.78,5.55,4.78,5.45,54627620.00,288510624.00
2021/03/17,5.30,5.44,5.21,5.28,37237624.00,197384032.00
2021/03/18,5.28,5.45,5.16,5.35,35386632.00,187544192.00
2021/03/19,5.23,5.41,5.18,5.24,22640780.00,119605192.00
2021/03/22,5.26,5.38,5.18,5.28,19076224.00,100292456.00
2021/03/23,5.27,5.29,5.07,5.11,16550100.00,85354720.00
2021/03/24,5.10,5.19,5.04,5.08,13784098.00,70426872.00
2021/03/25,5.10,5.12,4.94,5.00,13249228.00,66603364.00
2021/03/26,5.00,5.30,4.98,5.19,22130512.00,114857376.00
2021/03/29,5.24,5.29,5.08,5.12,15760213.00,81376064.00
2021/03/30,5.09,5.12,4.95,4.98,12637484.00,63062048.00
2021/03/31,4.98,5.08,4.94,5.05,8678462.00,43532516.00
2021/04/01,5.02,5.07,4.87,4.90,12536642.00,61793164.00
2021/04/02,4.90,4.96,4.86,4.93,7181026.00,35254560.00
2021/04/06,4.94,5.14,4.92,5.07,11645927.00,58671464.00
2021/04/07,5.03,5.12,5.00,5.09,7785440.00,39343740.00
2021/04/08,5.08,5.08,4.94,4.96,9551700.00,47645624.00
2021/04/09,4.94,5.12,4.93,5.02,9870727.00,49578744.00
2021/04/12,4.99,5.02,4.94,4.97,6960980.00,34587860.00
2021/04/13,4.95,4.96,4.77,4.82,10737462.00,51824232.00
2021/04/14,4.80,4.88,4.76,4.86,5424145.00,26202730.00
2021/04/15,4.82,4.86,4.79,4.82,5038394.00,24306778.00
2021/04/16,4.80,4.91,4.80,4.91,5610600.00,27369866.00
